Впервые связался с судами. Даже не знал, что такой беспредел. Судьи вообще не слушали доводы адвоката. Решение уже было напечатанное . Вышли совещаться на 30 секунд и вышли уже с напечатанным текстом. Даже не знаю где тогда искать справедливости в стране 
"Приятно удивлена. Организация на высшем уровне от входа в здание до заседания.
Заседания начинаются четко по времени, накладки минимальные. Работа судей организована, всё четко по существу, всё пустое присекается и"
Не знаю как до председателя Мосгорсуда, но для посетителя, тем более участника судебного судилища печальное впечатление. Возможно мне только так повезло. Но прождав в коридоре более 4 часов, вопрос разрешили за 5 минут. Отказав в пересмотре. При всех достаточно
Апелляционная инстанция Мосгорсуда  в 10 судейском составе по трудовому спору работника  с работодателем, полностью отменила решение первой инстанции и встало на сторону работодателя.  О беспристрастности судейства и справедливости в этих стенах можно
"Оцениваю место, а не обстоятельства конкретных дел. Их много и они разные.
Разве что отмечу черезмерно торопливое проведение заседаний и очень долгое назначение гражданских дел и феноменально долгое - дел об"
Полное отсутствие уважения к времени людей. Заседание в 900  это фикция. Реально всё начинается не раньше 10. Судьи, секретари  все неторопливо собираются, пока граждане нервничают в коридоре. О каком соблюдении закона и порядка может идти речь, если суд не может
Рассмотрение дела было 5 августа, мотивированное решение составлено лишь 29 августа. На текущий день дело не направлено в районный суд после завершения рассмотрения. По  телефону горячей линии лишь дежурные фразы, в канцелярию ни разу не переключили, якобы занято
"Раньще лет 5 назад Мосгорсуд работал, как часы.

Сейчас сегодня 18.12.24, 428каб, я провела 5 часов в очереди на"
03.04.26 было заседание у судьи Козлова. Судья грубо нарушает кодекс проф.этики и повышает голос на участников. Мою клиентку назвал неадекватной !!! из-за того что она опоздала на 5 минут в заседание. Потом привел пристава  Нас - три спокойных ошарашенных женщины,
10-й апелляционный состав Мосгорсуда  пример отсутствия правосудия. В моем трудовом споре справедливости не было и в помине. Судьи полностью отменили решение первой инстанции, явно подыгрывая работодателю. Заинтересованность суда очевидна. Процесс велся
О судебном процессе в апелляционной инстанции, состоявшемся 18.09.2025, я рассказала. Теперь приступаю к описанию самого суда, а именно зала судебных заседаний N272  и его совещательной комнаты. Зал судебных заседаний небольшой, тесный из-за большого количества
Суд на самом деле обычный , всё чисто убрано и удобно в отличии от районных , понравилось наличие курительных комнат на этажах . Но отзыв я хотел бы оставить после встречи с судьёй Апелляционного отдела Леоновой М.Н. , судья вникла в процесс , полностью погрузилась в него
Дозвониться не возможно! Гудок проходит, но трубки никто не берет. Знакомилась  с материалами дела. Телефон у них звонит непрестанно, внимание никто на него не обращает, звонок поставили на еле слышимый. Сделала замечание, тихо промолчали. Что за бардак в суде? Когда
В этом суде нет никакой справедливости, рассмотрение проходит чисто формально без учета всего того что подается в апелляцию, судья ведет себя вызывающе, и надменно как будто имеет личную неприязнь. Из всего этого сделал один вывод, обращаться бесполезно,, правосудие отсутствует
"Итак. 9 состав судей. Одна в телефоне. Другая  в документе путает даты. Третья что-то шепчет спрашивая.. 

Спрашиваю. Можно вопрос"
мосгорштамп как был так и остался,одна из самых бесполезных организаций в системе правосудия,я не слышал ни одного дела рассмотренного данным судом,для простых людей данная организация никакой пользы не оказывает,было бы прекрасно убрать данную
Игнорирование любых заявлений, ходатайств, нарушение сроков по вынесению определений , ощущение что купленный суд полностью
Второй раз в данном суде, с большим временным промежутком, и в который раз приятно удивлена проффесионализму судейского корпуса. Сегодня судья Гришин Д. В. по административным производству просто поразил своим спокойствием, рассудительностью, грамотностью,
Просто позор судьям ! Через ВКС участвовала в СЗ. По моему делу есть обширная судебная практика, что старые долги невозможно взыскать, и они должны признаваться безнадёжными к взысканию. Долгу 16 лет, а его не хотят признавать безнадёжным к взысканию. Просто позорище для
"607 кабинет апелляция!

Однозначно, что Состав Суда, состоящий из 3 квалифицированных Судей - не используют законодательство и не изучают обстоятельства дела по"
Апелляция. 5 пять! часов ожидания судебного заседания, вызываются в судебное заседание не по списку на двери, а в произвольном порядке, из-за чего люди не могут ни сходить поесть, ни сходить в туалет. Председательствующий Лукьянченко В.В. перебивал всех в том числе
"Получить ответ НЕВОЗМОЖНО!
Было несколько звонков и несколько составленных заявок. Изначально предлагают соединить с судом, но ни разу соединить не удалось! По всем составленным обращениям ответа не получено хотя прошло уже несколько месяцев! "
Хочу написать не о всём суде, а только об апелляционном корпусе. Суд работает с 900 до 1800 , без перерыва на обед, что очень удобно. Само здание современное, есть гардероб. Работают лифты, не надо с больными ногами топать на этажи. На каждом этаже по два туалета. На третьем,
"Отзыв о Мосгорсуда

Впечатляющий комплекс из четырех зданий,
Мосгорсуд - апелляционная судебная"
"Подавал на апелляцию. Отказали.
У меня сложилось впечатление, что судьи либо неграмотные, либо заинтересованы в результате.
Среди прочего в апелляционном определении есть"
Цирк. Слушания на 18.02.26 назначены с интервалом 5 минут. Зашел на свое всего с 50 минутной задержкой. А дальшезачитали права, секретарь малопонятной скороговоркой зачитала тезисно мое исковое, удалились секунд на тридцать максимум и вернулись с решением
Пишу про Горячих Операторов. Это абсолютная деградирующая система. Верните все как было до!!! Итак , раньше мы звонили, дозванивались кое как, и спрашивали наши существенные вопросы небольшие, разговор длился минуты две.  Ни разу за пол года не дозвонился и не получил
Проблемы обычных людей мало кого интересуют. Отношение формальное, рассматривали дело минут 5. Для  рассмотрения аппеляции прождали 5 часов, хотя пришли во время. Зато страховщики, строители и госкорпорации вызывались вне очереди.
26.06.25 каб 607,абсолютно безучастное отношение, не принимают во внимание ничего, жену как свидетеля отказали допросить. Не думала, что нарушение миграционного режима является на столько тяжкой статьёй, чтобы разрушить семью ячейку общества и оставить ребенка без отца! 
В канцелярии, 111 кабинет, 5 декабря 2025 года девица с внешностью мигрантки отказала в хамской форме искать дело по ФИО, а потребовала его номер. Не захотела выполнять свои прямые обязанности и даже позвала пристава, чтоб не искать по ФИО. Хорошо, что пристав не стал
Бесполезная организация к сожалению. Для чего она вообще существует  не понятно. Никогда не обращайтесь, смысла нет абсолютно никакого. Там вам точно не помогут восстановить справедливость.
Не тратьте зря время ,10 состав судья Семченко и его компания 3 минуты и на выход ,позор просто озвучили удобную супер короткую версию чтобы не отменять решение ,полное беззаконие,игнорирование ,невнимание,непрофессионализм по итогу заседания ,бормотания под
В моем деле МГС объективно рассмотрел материалы апелляционной жалобы, отменил решение Мещанского районного суда и вынес новое решение. Я удовлетворен. 
Апелляционная инстанция формально подошла к пересмотру дела, зачитали доклад и всё, на выслушивание времени не было, можно было не приходить. Вежливо послали. Получается так, что человек вынужден выплачивать алименты в размере 70 без учета долга, и,  к этому у него
05.05.25 состав судей номер 5 рассматривал уголовное дело, судья-докладчик Тарджуманян И.Б. Вообще некомпетентный судья. Путалась в деле, забывала разные моменты, аргументируя это перепутала с другим делом, с апелляицоннооц жалобой адвоката как будто
Судился о невыплате зарплаты,как и суд первой инстанции не способствовали в разбирательстве по трудовым отношениям,полное нежелание вызвать свидетелей по делу,а моего свидетеля бригадира возвели в ранг неадекватного человека.Простое элементарное разбирательство было провалено.
24.04.2025 состоялось заседание в Мосгорсуде и впечатления интересные. Была коллегия судей одна сидит дремит, вторая что бормочет себе под нос не слышно ничего, третья сидит глазами хлопает и бумажки на столе перебирает
Сегодня как будто рассматривалась моя  аппеляционная жалоба - судья в докладе исказила фактические обстоятельства аппеляционной жалобы, председательствующая судья. пыслушав коллегу, сказала понятно. Возможности прений не дали . председательствующа спросила Вы в
Это просто ужас, дело целый год находится у судьи Соленой. 5 мес назад истец подал на апелляцию, дело никак не отправят в мосгорсуд. В аппарат судьи не дозвониться, от слова вообще не дозвониться!!! В приемной председателя суда отвечают одно и тоже- Звоните в апппарат судьи! 
Адекватные судьи. Все дело изучили от и до.  Все по факту, в рамках закона. Именно в рамках закона, а не так как хотят многие , чтоб там закрыли глаза, тут закрыли глаза, без доказательств они не выносят решения .
Хотела получить решение суда,написала ходатайство,оставила свой номер телефона,спустя полторы недели позвонили,что копию подготовят в течение недели,в итоге,3 недели прошло,тишина,ну и дозвониться туда невозможно
"Пора сделать официальным девизом Мосгорсуда такую фразу Ты можешь быть бесконечно прав, но какой в этом толк, если судебный процесс проходит в МГС. 
С каждым годом МГС работает всё хуже и хуже - с правовой,"
Судья стал на сторону  МАДИ , который неправильно установил знаки запрещающие остановку, которые не видят водители выезжающие на улицу Профсоюзная д. 52 , доказывать бесполезно, материалы предоставленные мной не рассматриваются, в данный момент знаки
"Собянина и Ко тут явно не хватает
Дела рассматривают с огромными просрочками
Трубки нигде и никогда не берут
Людей в аппарате явно не"
Это ужас! Все слушания проводят с задержкой мин в 2 часа, а само слушание длится 5 мин. Суд не знает 861 ПП РФ, ведутся себя вызывающе. Говорят вымокомерно и с высока. Доводы не слушают и не понимают. Пыталась обьяснить чем отличется тех присоединение и временная
Отвратительный суд! Все фикция, вопросы людей оставляют без внимания. Рассмотрение аппеляций за 5-10 минут, судьи вообще не в курсе дела. По фарсу заходят в комнату и выходят через минуту уже с готовым решением
"Плюсов нет, одни минусы! Начиная со здания, коридоры, коридорры, какие то катакомбы! Запутаться на раз два! 
Заканчивая судьями и их отношением к нам, смертным! Мало того, что задержка заседаний на 3 с лишним часа, но к тому же и без очереди"
Понимающие и вежливые сотрудники. Отдельная благодарность ведущему консультанту Казимирской Н.С. гражданская канцелярия. Были сложности с ознакомлением дела помощник судьи долго не мог найти дело, а времени до конца рабочего дня оставалось совсем
"В данный суд, я  обращался в апреле 2024 года  с апелляцией по гражданским и административным делам.
Работают четко, ФССП быстро.
 Каких-либо задержек со стороны судей, а так же отдел делопроизводства по гражданским делам у меня, как истца не возникли."
"Очень понравилось , видно , что все для людей сделано. 
Буренина О.Н. судья по административным делам просто молодец. Дело не в том , что я выиграл суд и справедливость восторжествовало , а в том , что судья вдумчивая , вчитывается в каждый закон , беседует только по"
Я был 01.04.2024 в Мосгорсуде, гражданское дело о невыплате зарплаты, апелляционная инстанция,  председатель Судья Семченко А.В.  Второй судья зачитал общую часть апелляции, не зачитав в ней ни строчки, в чем решение первой инстанции противоречит Закону. Председатель
В канцелярии два рабочих места, а работает один человек, из-за чего скапливается очередь. 
Самый отвратительный суд и судьи. В дело не вникают, сидят и тупо  смотрят по сторонам, переговариваются между собой, не вникают в обстоятельства дела, решение выносят, не опираясь на нормы закона. Полностью разочарована работой суда. Нет справедливости в
05.07.2022 года на 1020 было назначено заседание в зале 373. Здание суда великолепное, но слушание было задержано на довольно длительное время. В этот день температура воздуха в Москве достигала  30 градусов, но в коридорах апеляционного корпуса нет кулеров для
Запомните Грибова.   Процесс длился едва 5-7 минут. Три явно по всем признакам недалёкие тетки пытались унизить меня,  как истца, перед СОГАЗ. с названием ничего не поняв. Ничего не поняли, не спросили ни одного вопроса, на основании собственного непонятия вынесли
Кроме красоты здания нет ничего, что можно было бы  отметить положительно. Поэтому 1 за здание. Толпы народа на входе длинный хвост на улице, зайти и пройти - целая проблема. Заседания идут с задержкой 2 часа - минимум! Для того, чтобы сократить этот
Апелляционный суд был 16.07.2024 г. Прошло три месяца, а я до сих пор не могу получить решение суда. Никто ничего не объясняет. Наконец 01.10.2024 г сказали что нет мотивационного определения. Хотя оно должно было готово в течение 10 дней после суда. Я написала жалобу
Номер судебного состава 4 , самый фиговый !!! С делами знакомятся только одной стороны !!! На другую и плевать хотели . Не справедливо выносят решения . Дозвониться никогда не возможно, видимо и начальству на это все равно. Одним словом бардак !!!! 
Апелляция. 6 судебный состав закрыл глаза на тот факт, что истец предоставил подложные сфальсифицированные документы, закрыл глаза на то, что на документах истца отсутствовали печати и подписи, и это были просто бумажки, а не документы,  проигнорировал нарушения
Когда учился на юридическом, уже тогда наши преподаватели называли его МосГорШтамп, за быстрое штампование незаконных решений. Прошло 25 лет ничего не изменилось... Скрепа такая 
К сожалению, апелляционный суд в большинстве случаев только повторяет решение суда первой инстанции. Но без решения апелляционного суда  нельзя пойти в кассацию. Настраивайтесь сразу на поход в кассационный суд, апелляция у нас просто для галочки. Кстати
Это просто ужасно, задержки в судебных процессах по 3,5 часа, духота. Почему нельзя настроить процесс таким образом, чтоб задержки были не больше 30 минут. Время самое дорогое, что у нас есть.
Здание красивое и внутри всё красиво, но толку то, от этого, когда нет квалифицированных судей. 24.10 2023 был апелляционный суд, заседание прошло за 2 минуты, но с задержкой, час по времени. Судьи Мосгорсуда оставили решение 1-й инстанции без изменений. Меня
Очень разочарована в работе судей и канцелярии. Плевое дело тянулось год, дважды теряли документы, больше 2-х месяцев не могу получить исполнительный лист... 
Сегодня была на заседании,в кабинете 457 ,сказать что я в шоке ничего не сказать,приглашают в зал ,а там перед нами ещё два дела разбирают,приходиться сидеть и слушать. Мужчина судья в разведку ,хорошо ноги на стол не закинул,судья у двери как собака,хотела
"Не понимаю, что произошло с этим судом с приходом в качестве Председателя Птицына М.Ю. 

Сотрудники суда не компетентны по вопросам приема документов, не"
Судья не соблюдает ни процессуальных норм, ни морально-этических, ни профессиональных. Было нарушено право на судебную защиту, так как даже не дали Истцу высказать свою позицию, третьему лицу просто заткнули рот, оборвав на полуфразе, а Представителю Истца судья не
Вижу плохие отзывы удаляются. А хорошие наверное сами пишут . Очень плохое впечатление , предвзятое отношение , рассмотрение дела ждали больше двух часов при этом других брали после нашего  времени, очевидно ждали определенного судью . Доказательства не взяли,
Московский городской суд качественно   рассматривает гражданские дела, когда у него на это есть время, но очень трудно справляться с тем потоком дел, которые поступают в суд. Нужно что-то решать.
Обращаешься в суд,чтобы помог решить возникшие споры,но судьям вообще плевать.Они не читая дело до заседания вообще.Приходишь на заседание,а судьи ну что у нас тут,на доказательную базу вообще не смотрят,да и за чем им
Здание хорошее. Охрана отличная. А вот судебный процесс сплошная формальность. Судья похоже даже и не читал дело. Задача  суда побыстрее закрыть дело. Судебный процесс поставлен на поток. Заседатели молчаливо соглашсются с судьей. Заседание длилось всего 15 мин. Никого не интересует, что ты скажешь. Все уже заранее решено. 
"Отзыв на судебную коллегию по гражданским делам Мосгорсуда  в лице Лукьянченко В.В., Тюриной Е.П., Зениной Л.С., помощник судьи Парфенова  Н.И.
Благодарю состав за верно принятое решение по"
Московский городской суд. Огромную благодарность хочу выразить номеру судейского состава 10, в частности судье Жолудовой Т. В. Вызывает уважение квалифицированный подход к рассмотрению дела, высокий профессионализм, судьи, знающие свое дело. Принято
А я выражаю желание оставить свой отзыв касательно работы Московского  городского  суда и выразить особую значимость к должностным лицам , исполняющим обязанность в судебной системе и должному отношению к закону и правопорядку , установленному
Дозвониться буквально невозможно. 05.11.2025 в первую половину дня я практически безостановочно звонил на горячую линию с просьбой соединить меня с канцелярией по делам об АП. И всё это время безуспешно. Ответ один - сотрудники заняты. Я считаю, что это просто неприкрытое неуважение к населению.
Трудно найти более беззаконное место, чем московский апелляционный суд. 
28.03.24г слушалось дело против фонда капитального ремонта г. Москвы. Как и заведено заседание прошло с огромной задержкой по времени.Судья докладчик из моей аппеляционной жалобы ЗАЧИТАЛА самые незначительные возражения на решение Мещанского суда,
Была сегодня у судьи. Стрельцовой  Г. Ю зал 366 подавала апелляционную жалобу! Я хочу спросить, ,, Ваша честь, у Вас есть юридическое образование? Вы стоите на страже закона? АМПП выставляет мене  штраф якобы я стою на платной парковке, фото моей машины нет на фоне знака
 Судьи не работают совсем, не проводят заседание, только паспорт посмотрят и всё, объявляют следующих в очереди. Пошлину теперь не вернуть. Жалко потраченного времени и нервов. Ещё просят на плакате в коридоре не ругать их матом, наверно лучше кирпичами. Разогнать дармо
Наивно полагали, что хотя бы здесь удастся добиться справедливости и отменить неправомерное и несостоятельное решение районного суда, основанное на фиктивных документах ответчика, ложных показаниях и собственного толкования закона. Результат 5 часов ожидания
4 часа ожидания и 5 минут заседание.  Пустая формальность, при которой судьи не то, что не вникают в суть дела, а не отрываясь от телефона цинично отбывают номер на деньги налогоплательщиков. 
"1. никому и никогда не советую судиться. Это ужас 
Новое красивое здание, чистенькие кабинеты и есть удобства. Но
2. полный бардак с расписанием апелляций. назначают, к примеру, на 1310 30 дел, а дальше в порядке рандомного вызова ждешь иногда до"
Мосгорсуд полностью дублирует постановления районного суда, даже ничего своего не включают. Это суд ни о чём, лишнее звено в судебной системе России. Законы и конституцию РФ игнорируют в принципе. Работают по шаблону. Материалы защиты не изучают и не принимают,
Судья Леонова М.Н. профессионально, с четкой гражданской позиции объяснила нам все за и против нашей апелляционной жалобы. Само здание суда монументально и строго соответствует своему социальному статусу. Конечно, как и многим, хотелось услышать другое решение, но стоит признать его справедливым.
Здание большое, но порядка нет. Перед залами столпотворение. О зале, где  рассматривается дело заранее не сообщают, предлагают искать его на месте в  день заседания якобы на информационном стенде, которого на самом деле нет. Приглашения по громкой связи глохнут в шуме, и на
тяжело дозвониться, невозможно узнать никакой информации по делу,  заседание по апелляции проводили пять минут, даже не дав возможности высказаться адвокату. Как это не смешно, но даже адвокату противной стороны не дали высказаться, ну, им не страшно было, но всё равно
Работа апелляционной инстанции отвратительная!! Приехали на заседание в 450 кабинет мало того что нас и еще по двум делам не участников нашего процесса вызвали в кабинет слушали сразу три дела, так еще и к судебному процессу коллегия не была готова!
Большой комплекс современных, просторных корпусов. Чисто и опрятно. Хорошая звуковая система для вызоваприглашение на заседание. Четкая доскональная система доступа. Электронные табло с перечнем дел на текущий день. Есть бесплатная парковка перед зданием суда через дорогу.
"Хочу поблагодарить судью Алисова И. Б. , судью Цвелеву Е.А. , Хорлину И.О. 

Безупречно изучены материалы уголовного дела до мельчайших"
Это не суд, а цирк. Всё работники это слуги народа , получают зп с наших налогов. И что в итоге ? Ты не человек и ты показываешь что чёрным по белому написано одно, а судьи видят что-то фиолетовое. Задержки, наглость , игнорирование фальшивых документов , давление и вынос
Правильная на Руси поговорка была, есть и видимо будет  У кого судья знаком, за того и закон! Толку что назначается время заседания? Назначено было на 14, просидели 5-ть часов! Все заседание апелляции длилось 7-мь минут! Все положительные решения суда первой инстанции против ДГИ анулируются, даже не изучая суть иска! 
Это был шок, за 10 лет судебной практики в Московском городском суде впервые встретила такого Судью. Я думаю, большая заслуга Председателя административного состава Шаповалова Д.В.  Руководству Судебной коллегии по гражданским делам надо брать пример с коллег
В новом апелляционном корпусе довольно современно, здесь не знают,что существует такое понятие какзакон.Решения выносятся не опираясь на статьи и нормы,а только исключительно на токак судья видит,а видят они плохо!!И это очень -очень плохо не только для
Здание шикарное, достойно городского суда столицы, но дела рассматривают с колоссальной задержкой. Назначают заседания до трёх месяцев. Ну а если Вам повезло и Вы узнали дату заседания, учтите, что если Вам назначено на 1200, то в зал суда Вы зайдёте в лучшем случае в 1400.
На сайте найти что-либо, проясняющее ситуацию по моему делу просто невозможно! телефон не отвечает, трубку не поднимают.  Своевременно выдать решения суда у них не хватает времени! Взяли мой номер телефона, сказали, что позвонят, как будет документ готов- второй
Была сегодня на заседании 8 состава в 503 кабинете, назвать это апелляционным судом нельзя вообще, судьи опоздали на час, тех кто частные жалобы подавали вообще послали, позвали меня и истца, ничего у меня не спросили, не выслушали, с делом не знакомились, три минуты
Вчера был на заседании. Такого унижения еще не испытывал. Даже статьи , которые пристав нарушил, зачитать не дали. Я не юрист, не привык к такому. Они даже видимость суда не создают.
"Всё чисто ,аккуратно 
Есть автоматы с кофе ,есть помещения для курения на этажах,удобная навигация , перед всеми залами стоят сенсорные экраны на которых можно посмотреть какое заседание сейчас идёт  
Всё понравилось "
Вызвали присяжным на заседание 30го марта. На сайте совсем непонятно, что в связи с коронавирусом - будет заседание или нет. По телефонам, указанным в приглашении не дозвониться либо занято, либо не берут трубку. Также не дозвониться и по другим телефонам с сайта. Поиск по
18.01.2021 было вынесено решение по делу 02-70892020 о назначении алиментов на содержание 9 летнего ребёнка с больной спиной. Прошло уже месяц и неделя, а определение на руки не могу получить. Канцелярия не принимает в Мосгорсуде по Апеляционным делам. Канцелярия
Отвратильное отношение, не стоющее даже одной звезды.Дозвонилась я с 115 раза. Зря звонила ,кстати.Молодой человек,взявший трубку,не представился.Но очень весело  смеялся в трубку над моими словами. Не желая помочь по моему вопросу.
"30.04.2025 было заседание судебное по поводу залива, в котором ответчик не был виновен., заседание должно быть 13.40 в зал я пожилой человек, 83 года вошла 17.20 с диагнозом Сахарный диабет..
Судья Сурнина М. В... Грубила, кричала, выгоняла из зала, вынесла"
Апелляционный суд разделили на 2 части уголовные апелляции рассматриваются в главном здании, на 3 и 4 этажах, судебные приставыохранники даже не знают сколько этажей в здании. Показываешь повестку где указан 431 кабинет , охранник утверждает
Ожидание сверх назначенного времени -1 ч. 40 мин. Заседание - 13 минут. Зашли в совещательную, вышли через минуту шапито!!!
"Приятное здание, не пошарпаное, с гардеробом , а это уже не мало.
Судьи профи, может кому - то попадались конечно другие, но те что сидят в 403 кабинете аппеляционного корпуса, это прекрасные женщины.
Корректно и в доступной форме всё"
Обман в суде! На заседании судья удовлетворила мою жалобу словестно. В совещательную комнату судья не уходила, официоза никакого не было, имена сторон не оглашались, как и материалы дела. Спустя неделю я узнаю на сайте суда, что жалоба НЕ удовлетворена. Это как понимать,уважаемый суд!?
Место так себе. Но это не главное. По телефонам дозвониться невозможно, в интернет на сайт суда информацию по делам не обновляют месяцами, разгильдяйство полное. Сроки рассмотрения дел затягивают, в решениях одни безграмотные отписки по которым становится ясно, что в суть дела никто не вникал.
Собственно мосгорсуд, так же как и театр, для меня начался с гардеробной, в котором работал мужчина из клуба долгожителей. Ребзя, Вы серьезно?! Там такой поток людей, он, почему-то принимал один. У человека нет возможности не то что присесть, попить. Вообще ни на
Был в апелляционном корпусе. Всё быстро рассмотрели. Расположение удобное. И не так уж далеко от метро. Зимой были несколько раз очереди утром, чтобы зайти в здание.
"Солидный комплекс зданий. Пропускной режим на высшем уровне. 
На этом все... 
В судебное заседание апелляционной инстанции вызывают массу народа, с разницей в рассмотрении дела - 5 минут. Вечно толпа, разумеется"
В новом апелляционном корпусе довольно современно, но людям, страдающим клаустрофобией и демофобией заходить не рекомендую - потолки низкие, залы микроскопические, стены облицованы мрачными коричневыми панелями, - и среди этой красоты в коридоре сидит
охрана компитентна, канцелярия и экспедиция работают на высоте и оперативно, судьи читают решение, не рассматривая дело, иной раз даже не читают, что написано в материалах.В моем деле, при вынесении решения 12 орфографических ошибок, в том числе и в ФИО,
Был апелляционный суд, судья Леонова  С.В. Я в полной мере ощутила, что такое несправедливость. Судья грубая  циничная, не давала мне слово,  перебивала. Зачем нужна такая судья? Она защищает не правду, а ложь.  Я не потеряла веру в людей и я буду бороться и идти дальше. Что дальше
Апелляционная инстанция, народу много, заседания назначены через каждые 5 мин. Вызывают почему-то не по порядку, кого-то раньше, кого-то позже. Естественно за 5 минут изучить дело и полностью выслушать стороны невозможно. Время заседания было на 12.00, вызвали около 13.00. 
"На парковку не пускают, хотя мест очень много.
Судья 5 минут рассматривал дело, свидетеля привезли с собой, но судья сказал зачем мне слушать свидетеля, мне и так все понятно, 
для вынесения решения даже не сделал вид, что думает и не ушел в"
"На самом деле, прочитав некоторые комментарии здесь, я скептически была настроена на заседание  выделила целый день на случай задержки. 
Я не буду писать про доступность от метро и благоустроенность"
Потрясающее неуважение к простым гражданам, задержки заседаний по 5 часов!! На 5 этаже в апелляционном корпусе точно! Вот такой у нас отличный доступ к правосудию, всех запихивают на один день а в остальные видимо отдыхают, народ просто помирает от таких ожиданий!
Это ужас, заседание вместо 1225 было в 1645 , но это я понимаю у них норма . Само заседание длилось 3 минуты , типа за это время они ознакомились с делом и в итоге отказ, ждём мативированное решение , посмотрим что они придумают.   . 
Заседания шли с задержкой в 1,5часа.  Ответчик не явился, решение в пользу ответчика. Подготовленную речь зачитать не дали, сначала Своими словами, потом Ну всё понятно. Судья Иваненко Ю.С. Определение полностью повторило определение 1 инстанции, доводы апелляционной жалобы рассмотрены не были
Дело о выселении из квартиры. Ответчик не живет в квартире более 7 лет, долги за коммуналку. В районном суде приняли решение, удовлетворили иск. Ответчик подал апелляцию. Мосгорсуд незаконно перешел на правила первой инстанции. Документы, представленные истцом как
Это просто безобразие. Назначили время заседания на 1330 инвалиду 1 группы. Мы приехали к 1300, а только идет прием вызванных на 1040. Это что, инвалид-колясочник должен в коляскн, в коридоре, при скоплении толпы народа ждать 2.5 часа? Есть какие-нибудь нормы или исключения для инвалидов?
Отвратительная работа суда апелляционной инстанции города Москвы. Не выслушали, не разобрались... На лице судей изображалось полное преображение, зевали, закатывали глаза, перебивали, обрывали на полуслове, Гнать таких судей. Нам не нужно такое кривосудие... 
А мне сразу бросилось в глаза .что при входе слева есть часовня с изображением святого.это вселяет надежду.Здания величественные.Судьи обьективные.Работают слаженно .четко.несмотря на большой поток людей.Огромная благодарность этим людям!Не
Сегодня было заседание про проигранному делу в Перовском суде. В Мосгорсуде детально и грамотно подошли к делу и полностью отменили решение районного суда. Судьи молодцы, разложили все по полочкам!!!
Судей Мосгорсуда самих надо судить. Принимают решения даже не ознакомившись с делом. Надо в дело вникать, разбираться но для них это лишние телодвижения. Корпус аппиляции 403 к. Егорова, в кабинете сидят втроем, в процессе разбирательства болтают и не слушают,
Адекватные, независимые судьи, современное здание, задержки бывают нечасто, и то на несколько минут, и это учитывая приличную загруженность суда. За много лет у меня ни разу не было ни одной претензии.
"низкий профессиональный уровень судей
4 судебный состав
Председатель судебного состава Вишнякова Наталья Евгеньевна, назначена Указом Президента РФ от 24.10.2003 "
"Судей видимо понабрали из родственников и приближенных, увы но законов и норм эти люди, которые нас судят не знают от слава СОВСЕМ. 
Мотивированное решение ждем уже месяц и никаких движений нет. 
Может дождемся и когда-нибудь будет большая чистка среди судей"
Был шок когда судья даже не знала ,о чем речь , а когда я ей ткнула пальцем в дело , возмутилась что я не уважаю суд ! А как его можно уважать ,если три человека даже не знают в чем заключается исковое  видимо если ответчик государство ,судьи уже знают кто виноват -зачем читать дело то ? Решение и так будет ясно 
Здесь мне отменили приговор Пресненского суда  федеральный судья Неделина и освободили из под стражи  федеральный судья Додонова объективно честно и беспристрастно рассмотрели апелляционную жалобу и приняли справедлива решение.
Перед посещением этого заведения прочитал отзывы, так что ничего хорошего не ждал. И мои ожидания полностью оправдались. Сужусь с МЧС. Ответчик в суд 1 инстанции представил ахинею, судья согласился, добавил своей и готово решение. Повестка с приглашением на суд
По воле судьбы, пришлось обратиться в суд, плохо работает экспедиция, мое заявление 1 месяц лежало у них, только после обращения к председателю суда, дело пошло и решилось в мою пользу, прекрасная грамотная судья Макляк М.А., сейчас еще тяжбы идут, но в суд верю, так как вижу все-таки справедливые решения выносят, спасибо
после апелляций надо больше месяца ждать отправки дел в суд первой инстанции. А назначения даты апелляции 6-7 месяцев! Ждем  с июля 2022года, до сих пор не назначено  в Мосгорсуд! А вы говорите здание красивое..
Большой современный комплекс из нескольких зданий с ухоженной территорией и собственной часовней. Напротив через дорогу бесплатная парковка. Была в апелляционом корпусе. Заседание началось на 2ч.позже, чем было назначено. Решение районного суда оставили без изменений.
Да, как многие пишут здание действительно красивое! Но это не Диснейленд, чтобы брать архитектурой Очень интересные изменения с приходом нового председателя, но они не надолго думаю. Заседания больше не длятся 10-15 мин, а их даже откладывают, что-то истребуют,
Пришла получить разрешение на свидание, вм канцелярии сидит молодой человек, ведёт себя, как будто он царь и бог, отношение ужасное, довёл меня до слез, но разрешение так и не дал, сослался на то, что судьи нет на месте
Не берут трубки . До экспедиции не возможно дозвониться 
Как и все суда - ручного упарвления. Только истинные знания закона, большие связи и деньги, помогут вам добиться справедливости. Я уже молчу про законность приговоров.
Прекрасное огромное здание, из стеков и бетона, со скульптурной композицией, занимает большую территорию в районе метро Преображенская. На входе в главный корпус летом продают мороженое. К сожалению, парковочных мест рядом нет. Вокруг жилые дома. От метро
Отстояв очередь на осмотр в главном корпусе , объявили что по апелляции в другом здании . Пройдя , очень большую очередь , ещё очередь для записи паспортных данных . Затем на второй этаж в канцелярию , откуда по их сообщению на шестой этаж в зал суда . Отличный квест .
"Это не суд, а экстрасенсы! Не изучая дела, вынесут решение за 2 минуты!
И не важно, что Верховный Суд им каждый день представления выносит. Они непробиваемые. эффект Даннинга - Крюгера на лицо."
"Раньше прикрывали свою апелляцию кассацией, которая отказывала в передаче для рассмотрения в судебном заседании. Как появились кассационнве 
суды, так апелляции стали нормально слушать, появились большие задержки. Раньше слова не давали сказать."
16 февраля был суд. Ждали 4 часа! Суд длился 5 минут.создалось впечатление, что с возражением на решение 1-й инстанции не ознакомились . Решение отменить не мотивировано. Странно очень. Тем более,что прецендент уже был. Аналогичное решение суда1-й инстанции было оставлено без изменения! Ну очень странно!
Судьи не вникают совершенно в суть апелляции. Даже зачитали вместо нашей апелляции чужую. Они не видят человека, которого судят. Им безразлична судьба молодой девочки, которая случайно попала в ужасную историю. А её жалобу перепутали и зачитали. И ничего. Вынесли приговор не глядя. Страшно жить в нашем обществе с такими судьями.
Бесполезная организация,при рассмотрении дела можете не предъявлять ни каких доказательств,ни каких аргументов,не нанимать ни каких адвокатов Суд примет решение первичного суда.На ваши возражения ответ на все вопросы один-Раньше нужно подавать возражения в
Такое ощущение, что суд вообще не работает. Ни один телефон не отвечает. С 26 апреля дело находиться в Мосгорсуде и никакой информации нет. Все сроки рассмотрения уже пропущены, на сайте информации о статусе дела 0. Полный бардак. 
Спасибо сотрудникам Росгвардии, такие молодцы, помогли мне! Подскажут где что находится, вежливые, красивые сотрудники, приятно посмотреть, чистенькие все, работают профессионально.
Про весь суд не скажу, а апелляционный вполне себе ничего. Здания современные. Недостаток - большие очереди. Конечно 5 минут на разбор дела маловато. А в остально всё ок.
Апелляционный отдел только сказки готов выносить. Типа оповещение делают о заседании  должным образом и на  самом деле это полное фуфло. Так как почта России подтвердили  ,  что писем или других отправлений от них не поступало. А итог тита не явились на заседание и остается все без изменений и не смотря на неопровержимые доказательства!
Ужасное место. Правосудия нет. В апелляции не рассматривают дела. Читают заголовок иска, решение районного суда и сразу говорят оставить в силе.
не понятно как мы обычные граждане должны исполнять заеоны, если вы приходя в Мосгорсуд увидите дикую картину, а именно Заседания не начинаются в то время которое указано, т.е. у нас было назначено на 930, и вот удивление, судьи никуда не торопяться,  только явились в 930, а
"Была бы оценка еще ниже, поставил самую низку. 
Который день не могу дозвонится до них по любому телефону, не то чтобы справочная или канцелярия. Зачем созданы номера, если на другом конце никто не отвечает. Не понятно что у них там происходит. По приезде"
"Комплекс неплохо отстроен, но как и любой жилой дом, заселён жильцами с различными жизненными принципами и взглядами на жизнь.
Дважды пришлось иметь опыт общения по одному и тому же делу в указанном заведении."
Люди, отбросьте иллюзии! Сюда не стоит обращаться за правосудием. 5-й состав суда - ему не будет до выяснения истины никакого дела!И речь даже не об отсутствии компетентности судей. Дело в их полной смычке с судом первой инстанции и подчинении коммерческим интересам
. Слушание апелляции за 1 минуту ровно. Зашли - вышли, передаем дальше в кассацию. Бесполезный суд с задержкой слушаний на 2 часа  
"После обращения в суд у меня возникли негативные эмоции такие беспомощность, небезопасность т др.
Ощущение, что судья мсит или участвует в этом за общественную и волонтерскую деятельность"
"Величественное здание, предельно компетентные сотрудники.
Отдельная благодарность судье Козлову И.П. за профессионализм. Отменил алчное требование МАДИ и дал очень ценную консультацию на будущее. Большое ему спасибо."
"судилище того, кого нельзя назвать, т.к. яндекс видит в этом грубость,
правды тут не ищите

Судья при подготовке берет дело, отмечает ключевой документ в нем, а"
С судами встречаюсь второй раз. Первый в Пензенской обл.но там судья была ,как в Федеральном судье, вникала, брала любые доказательства , думала головой, судила законно. Встретилась с судами в Москве ,если бы обвиняли в незаконном убийстве уже сидела бы. пришлось снимать
Апелляция 1 состав по гражданским делам - не профессионалы.
Перед тем как ехать в суд, прочитала отзывы. Была огорчена комментариями. Но .... лично у меня мнение другое. Я довольна и внешним видом здания и процессом и принятым решением. 
"Ничего не понимаю, можно ли назвать это судом 
Подана апелляция гражданское дело, судья районного суда  вынес  решение с грубейшими нарушениями.
Получены повестки, за два дня из Мосгорсуда позвонили напомнили о"
Апелляция была назначена на 12 часов. Просидела в зале ожиданий до 16.30. У меня эпилепсия, инвалидность. Во время ожидания дважды ухудшалось самочувствие в связи с этим не смогла четко изложить все свои аргументы. И хотя суд первой инстанции был в мою пользу, апелляционный суд принял сторону истца.
Московский городской суд отменил прения и лишил слова ответчика. Судьи Московского городского суда, а именно, Лукьянченко В.В. и Тюрина Е.П. злостно нарушают ГПК РФ, Конституцию РФ, Пленумы Верховного суда РФ. Председатель Мосгорсуда делает вид, что нарушение прав
Судьи откровенно встают на сторону тех, кто имеет большую финансовую выгоду от решения. Видят процессуальные нарушения судьи первой инстанции и согласны с этим. Спрашивают слово, а потом не дают сказать. Ничего не обосновывают в отказах приобщать документы. Таким
Внутри просторно, всё по делу - суд есть суд. Недалеко есть парковка, причём бесплатная. Неплохие кафетерий и столовая, открытая, в том числе, для посетителей. Есть книжный магазин со специализированной литературой.
Два месяца не могут отправить решение по апелляционной жалобе. Решение положительное для меня, но волокитатув суде страшная, похоже судьи ленятся делать свое дело. 
Очень большие проблемы с парковкой, чтобы припарковаться нужно иметь в запасе 20 минут. И что странно, правила Роспотребнадзора никто не соблюдает, народу много, дистанцию никто не соблюдает, много без масок, а если в масках то на подбородке, в перчатках единицы. Даже судьи были без масок и перчаток!!! 
Всё начинается со входа, охрана смешки, разговорчики, работать не когда, на проходной сонным голосос еле писал сотрудник, далее по списку, аппеляция суд..  работают медленно, поэтому ничего не успевают.. Зато судят за 5-10 минут, зачем три судьи ,если они совсем не вкурсе дела,
Отзыв негативный. Просто вслепую подтвердили на 100 незаконное решение суда первой инстанции, включив зеленый свет работодателям вместо расчетов увольнять работников по собственному желанию даже без заявлений. Изжила себя судебная система! О каком правосудии речь?
Хороший суд, сделан внутри красиво, и с частичкой классики
Один из самых отстойных судов города, хотя и главный. К людям отношение, как к мусору, который приходится почему-то разгребать царям-судьям.
Заседание прошло быстро и без опозданий по времени. Решение Кунцевского суда оставили без изменений, как и должно быть. Я была истцом , ответчик пенсионный фонд. Заседание было 7 июня, сегодня 4 августа - определение суда ещё не готово, в пенсионный не могу пойти, для назначения пенсии
Всем доброго дня!  На рассмотрении апелляции, складывалось впечатление что на столе у судейского состава не хватало самовара, на заявителей смотрят как на назойливых мух, которые мешают им проводить время, совершенно не слушают, обрывают на полуслове. В
я очень надеюсь, что с образованием новых СОЮ, этот суд унесёт все с собой! задержки от 2-3 часов. один раз я пробы в суде 6 часов, хотя дело было назначено на 1030! судьи не дают сказать слова! 
Позор судебной системе РФ! Мосгорсуд вообще не хочет разбираться в делах. Пытались взыскать долг со знакомой. Есть расписка, где написано возврат по первому требованию, есть конкретные платёжки со счетов. Суд первой инстанции долг полностью признал, но списал его ответчику
Здание сделали мощное, парковки в округе куча. Но качество обслуживания отвратительное. Нулевая клиентоориентированность, сроки космос. Ну и беспристрастность вызывает сомнения. Но выхода нет, надо обращаться именно суда, монополисты.
Никто ничего и никого не слушает. Да и как слушать - КОНВЕЙЕР. На каждое заседание - несколько минут. Заседания идут с большим опозданием. Надеюсь, отдельный котел на том свете ждет тех, кто нечист на руку при принятии решений.
Здесь не знают,что существует такое понятие какзакон.Решения выносятся не опираясь на статьи и нормы,а только исключительно на токак судья видит,а видит он плохо!!И это очень -очень плохо не только для граждан,не получивших то,за чем они собственно в суд и
4 состав апелляционный корпус 328 кабинет - это не ДНО, это ДНИЩЕ!!! Дай Бог вам столкнуться с таким же беспределом, какой творите вы!!! От всей души вам этого желаю!! Вас самих нужно судить за ваше судейство!! За нарушение статей УПК и пленумов Верховного суда!!! Как вам спится
Сидели ждали у 350 зала, тк было написано что в 350 будет заседание, в громкоговоритель не позвали, кто то вышел промямлил что в 347 вызывают, мы не слышали, заседание провели без нас, я в шоке вообще,
"Благодарю судебный состав 10, которые полностью изучили дело и довели происходящее до истины. 
смущает задержка после верно вынесенного решения, документы не могут подготовить уже 2месяца.судьи невнимательны. Суммы на судеб"
Мне все нравится,очень хороший суд,хорошо работает,быстро и кратко выполняются работы.Единнственное что бы хотелось что .в добавили,это что бы были более отзывчивыми
"Сразу могу сказать, что это тот суд, где наиболее скрупулёзно досматривают всех посетителей, металлические стулья в просторных коридорах малокомфортны, а ожидание рассмотрения мне судебному переводчику приходится ждать по несколько часов.
Одним словом, это-не Рио-де-Жанейро!"
Плохие отзывы удаляют. Дел не читают , доводов не слышат, отказывают почти всем. Не понятно зачем такое здание и штат , сразу подавали бы в касацию
Работает на своей волне, заседания не начинаются вовремя, насколько переносят узнать невозможно! Приходишь к своему времени, в итоге до тебя ещё 6 заседаний. В канцелярии мухи сонные, не нароешь - ничего не сделают! Охамели в край.
Хочу обратить внимание, на то, что не дав человеку высказаться, закрыв ему рот жестом руки. Вынесли решение, как им заблагорассудится. А человек имеет право на своё мнение и высказывание. Хочу пожелать всем судьям огромного здоровья!
"Вот ещё судам я не оставляла отзыв.
Суд задержали. Сам процесс прошёл так себе непонятно. Подсудимый скрылся, а меня не слушают. Заочно вынесли решение. Подсудимого в федеральный розыск не объявлять, т. к. нет возможности сообщить ему"
Спасибо помощнице аппарата судьи Лоскутовой. Её можно ставить в пример другим помощницам суда, как нужно себя вести с участниками процесса. Профессионал увы, имени не знаю этой девушки с кудрявыми распущеными волосами и серой рубашке, 319 каб. 
Нужно убрать Фемиду на здании суда и повесить вывеску Оставь надежду всяк сюда входящий - слово сказать не дают, торопят, дело не рассматривают, явные нарушения закона со стороны сотрудников БЭП не видят. Смотрят только одну сторону медали. Справедливости, совести,
Кто в Мосгорсуде занимается наемом приёмщиц документов?! Почему в 203 окошке сидит тётка не соблюдающая должностные обязанности? Зачитайте ей что она должна делать на рабочем месте и как! Вежливо и улыбаясь! Впечатление о заведении которое должно вызывать уважение
Очень интересно читать отзывы, прям юмористический журнал. Люди оказывается приходят в суд  около фонтана посидеть ,  или кофе попить из автомата , а с судом то что?!?! Видели бы Вы какие они решения пишут, закачаешься!  Из соседних приговоров берутся фамилии,
На редкость беспардонный  и непорядочный суд, не гнушается фабриковать дела вместе с прокуороами, даже не краснеют, когда строчат лживые приговоры. Имею в виду Притулу и Карагальцева, последний из Лефортовского суда. Поверьте, у вас почти нет шансов на честное решение, если сами прокуроры фабрикуют дела. Учтите это.
Был дважды на аппеляции по гражданским делам. В дела не вникают. К доводам, о нарушении законов судьями районных и мировых судов, не прислушиваются. Мне отказали в вызове свидетелей которых не вызвал некомпетентный, в районнам суде, судья. Не обратили внимания что
Какие убранства, за Наши Народные средства. И гардеробная как в большом театре. И уборная и тут же автомат с кофе, чаем. И объявляют заседания. Все для людей. Все безподобно. За это 5. Но глаз ворон, ворону не выколет. Конечно лучше все решать в первой инстанции.
При рассмотрении гражданских апелляционных дел, задержки страшные, дело назначенное на 16.00 может начаться в 20.00. запасайтесь терпением.
Здание большое и удобное. Большие очереди на вход, в связи с досмотром вещей.  Судебные заседания часто не совпадают с назначенным временем,  приходится ждать несколько часов.
Расположение крайне не удобное. Но самое ужасное, это судьи. Слушания проходят на потоке, как на конвейере, вовремя зайти не получится, вызывают сразу несколько человек по разным делам... Судьи проявляют крайнее неуважение, перебивают и не дают сказать все, что касается
Данное учреждение ,согласно ГК РФ должно защищать граждан ! Мне судья сказал -почему я должен ваш защищать ! У меня административные штрафы, в период пандемии ! Его больше интересовала маска на моем лице , а не обстоятельства дела ! Передо мной слушалось два дела - все
Что тут скажешь, цент московского правосудия..редко по каким делам достучаться удавалось, а в основном это мосгорштамп...столовая большая и не вкусная и дорогая..не иначе, как администрация на всем себе зарабатывает
Все для справедливого правосудия. Просторные холлы, удобные залы заседаний. В общем все для процесса правосудия. Еще бы парковку побольше бесплатную.
"Отвратительный суд, приходит повестка на одно время, ждешь три часа... 
Судья Сурнина М. В, это ужасный судья с жестоким сердцем, уничтожает все доказательства невиновности, занимается приписками, аппеляционное определение выносит с нарушениями судебного"
Полностью согласна с предыдущим отзывом. Позор правосудию. Затыкают рот на раз два три. Слово не дают вставить. Нарушение норм на лицо. Незаконное решение оставили в силе. Дело не читали. Решение по первой инстанции не проверяют. Председатель коллегии нахалка,
Организация судебных заседаний оставляет желать много лучшего. Вызывают не по времени, то есть первее вас могут пойти те, чье время назначено после вас. Оценка исключительно за организацию работы судебных составов. 
"Выносят наисправедливейшие решения, справедливости так много, что хочется плакать от счастья, насколько в справедливом государстве мы живём. Я люблю эту страну, здесь есть правосудие
Красивое здание, фото приложил. "
Никогда не думала, что столкнусь с таким бесчеловечным отношением к людям. Судья, старая бабка, которой давно пора сидеть дома, решает человеческие судьбы и никому до этого нет дела.Подавали апелляцию, она даже читать не стала, потому что не видит, и через три минуты
Большой, просторный, сотрудники нормальные, иногда приходится долго ждать суда, иногда вовремя, есть где зарядить телефон, есть буфет, парковка естественно как и в очень многих судах отсутствует!
"Ужасное отношение к людям!!!
Особенно в концелярии по административным делам.Грубиянка сегодня ответила по телефону в 9.20.Лишать премии таких нужно.Очень неуважительное отношение к звонившему и нежелание разобраться и помочь в данном вопросе."
Рассматривают гражданские дела в течении 2-3 минут, не представляют слово не представителям в том числе адвокатам, не сторонам. Полагают, что судья значит корифей а все остальные юристы адвокаты безграмотные и не квалифицированные. Кресло судьи дает право
"11 ноя 2021
В Москве то всё нормально, а когда в мировых судах всё будет хорошо? Девченки задыхаются от огромного объема работы. Такое учреждение!!! Вам не стыдно что нет отдельной ставки работник архива. Секретари"
"Последний раз там был еще до реконструкции и расширения. Теперь это целый комплекс! Внутри есть даже курилка, для тех кто не бережет здоровье.
Столовой нет.
Качество судей, к сожалению, от улучшения здания не зависит"
Ставлю двойку по тому что считаю это лишняя инстанция между районным судом.  Объективно дела не рассматриваются идёт оттяжка времени, может у человека не хватит сил дойти до Верховного суда, ведь ещё есть и кассация.
Оставь надежду всяк сюда  входящий !!Это девиз суда! Если вы не получили реальный срок то это их упущение. Об этом говорят в отрытую не стесняясь ничего! У них прокатывает обвинение основывающие на предположении! В обвинительном заключении так и прописали МОГ
Подавал апелляцию на решение  районного суда.В 2020 году наконец-то назначали.Прибыл в указанное время,в итоге 4 часа ожидания в очереди,вызывали не по очереди а выборочно по громкой связи.Слушания проходят на потоке, как на конвейере.На мой взгляд,на
Это не Суд! Не даром теперь это название конторы по подмахиванию решения суда 1-й инстанции, пишется с маленькой буквы! Безуведомления участников процесса, заседание было назначено на восьмой день !, после отправки из суда 1-ой инстанции. Решение
Гражданские дела по апелляционным жалобам рассматриваются в апелляционном корпусе, позади основного здания. Без паспорта не пускают.
Хороший офисный ремонт. По моему делу судьи не готовились,  скороговоркой прочитали выдержку из дела и подтвердили решение 1-й инстанции. В тот день они в этой комнате рассмотрели 82 лето  лето 6 августа. Тройка за ремонт
"Ужасно во всех планах!!!! Отношение не подобающее, не слушают, ухмыляются.  Слово не дают сказать. Дело не читают. Грубо общаются . Торопятся .  Соболезную тем кто туда попадает. ..
"
Да, два раза было разбирательство в форме подрядчика, но если ты подрядчик то ты всегда не прав... Как скрытое правило.... Хотя доказываешь что прав, безусловно.... Не в чем не пытаются разобратся, просто есть установка... 
Назначили судебное заседание на 9-00 утра председатель Пульгин Грибова Раскатова пришли 10-00 зашли зал судебного заседание как оказалась мы там не нужны. Решили что вынесут без нас и нужно смотреть на сайте .хорошо что помощница девущка додумалась сказала
ужаснейший суд, который тасует дела как им вздумается. прекрасная россия будущего настанет, но вас там точно не будет
МГС 2 судебная инстанция Москвы. В общем хорошо, быстро и слаженно работают. Все четко. Многое автоматизированно. Спасибо судьям за терпение, профессионализм, желание разобраться в ситуации, огромноейших объемах информации!
Пытался целый день дозвониться в экспедицию. То занято, то не берут трубку. Самое интересное, что мне периодически звонили с этого номера и  тут же звонок сбрасывали. Номер определялся как судебный участок. Либо таким образом они сбрасывают не принятые звонки, либо отчитываются что отзвонили по пропущенному номеру. 
Верх цинизма граничащего с хамством,.....  неприкрытая демонстрация безнаказанности.. 
формализм при принятии решений, автоматическое  узаконивание решений нижестоящих судов... отмена решений только в исключительных случаях...
Был 2 раза . Первое посещение - Президиум по нашей кассации. Судья , подготовивший определение - профессионал своего дела и по всему порядочный человек,про Президиум - ничего плохого. Второе - апелляция , председатель давила , остальные - с пониманием , может метод такой.... решилось в нашу пользу. 
Очень безразличное отношение к людям. Время приема не соблюдается. Разница от назначенного времени заседания лично у меня составила более 3 часов. За подписью на выписку из решения суда я простоял в очереди 2 часа 30 минут. Я передал копию секретарю суда, а получил ее с подписью и печатями только через 2 часа 30 минут.
Считаю, что 7-ой состав принимает решение, озвученное им от руководства. Не вникают в дело, а прокурор вообще не грамотен, не знает закона. Отвратительное судилище, поддерживающее корпоративную политику, охраняет не правосудные решения коллег из районных судов
Отвратительное заведение где сидят так называемые судьи, можно догадываться за какие заслуги перед Отечеством попавшие на свои места, не читающие материалы дела и отказывающие в обжаловании неправосудного  решения вынесенного такими же так называемыми
Сразу скажу, что это мое мнение судьи апелляционной инстанции не знакомяться с делами, которые рассматривают. А если суд первой инстанции принял решение, то на 99 процентов ты его уже не исправишь. Рука руку моет?! Кстати. бывает даже очень интересно вынося
Как всегда задержка на 2 часа на апелляцию. Зато адекватные судья в этот раз попались. Спасибо за справедливое решение.
Не пустили с темперой 37, её и не было. Хотя за день до этого пришли отрицательные результаты на вирус. Приставы держут очередь на улице, потом в коридорчике. Где можно вспотеть и температура поднимется и до 40.
Место посещать не желаю, но если вдруг окажетесь, то всё здесь удобно и понятно. Есть столовая, буфет, множество туалетов на всех этажах всех корпусов. Красивая, ухоженная территория с фонтаном, скульптурами и часовней. Здесь бы гулять, а не решать мало приятные вопросы...
Почти два месяца  с 28.04.2022 г. судьёй Магжановой Э. А. по непонятным причинам не направляется в Пресненский суд Определение по делу N 33-1998222 N в суде первой инстанции 02-53812021. Правосудия ожидают более 80  кредиторов ООО Харитонов Капитал!!! Я
Сайт не работает нормально, информации по делам нет в обще, телефоны указанные нна сайте не берет ни кто , а почта у нас работает через раз вот тебе и правосудие...... С закрытыми глазами
Подали апелляцию. Суд прошел без изменений.  Моло того с опозданием на два часа, прочитали и ушли на совещании не выслушав человека. Только в кино показывают что наш суд лучший. Не верьте. Всё это го..но. Только деньги решают всё. Суд прошел для галочки,что не просто они
Моё дело, судя по всему потеряли! Не понимаю, как это может быть в СУДЕ!?! Рассмотрение было 31.07.23. Оно должно было вернуться в суд первой инстанции. Звоню уже больше месяца. Последние две недели его нет ни там, ни там. Но сначала мне подтверждали, что дело уже
Парковка небольшая, но места постоянно освобождаются. Указатели на территории удобны. Очереди нет, кроме очереди на вход  из-за проверки сумок . По сравнению с Симоновским судом - VIP  !!
"Без юриста смысла обращаться нет.
Кто в первый раз - лучше приехать с запасом времени, чтобы найти зал.
Есть столовая, буфет и парковка. И гардероб. Чисто и красиво!
Непрофессионалам делать нечего. Если только посмотреть..."
В большинстве составов - бездушный конвеер, организация плохая, время не соблюдается.
"Апелляция по Административному делу от декабря 2022 , до сих пор не опубликовано, когда будет рассмотрение дела в Мосгорсуде...
Тушинский суд отправил дело с жалобой только в апреле  хотя должен был в январе 2023..."
Помпезная, величественная обстановка обманчива, - памятник бесправия. Многолюдно, оправдательные решения по уголовным делам - редкость!
Здравствуйте.В июле 2023 года отправила пакет документов на алименты в Басманный суд г. Москвы в связи с гибелью ответчика Румянцева В.И.Документы приняла  судья Графова Г.А.,ответчик  ЕРЦ Министерства  обороны РФ. Моя фамилия Гатина Л.Ш. Прошу Вас помочь ускорить
" удобное расположение. Легко добраться как на машине, так и своим  ходом.
- Огромные очереди. На одно и то же время назначают по несколько дел, в результате в ожидании процесса можно легко просидеть  несколько часов.

"
"А вы думали, что приходите в храм правосудия? Правосудие - продано.
Похоже Дела вообще не рассматривают, не анализируют применение и вертикальную и горизонтальную взаимосвязь законов. Не слышат и не хотят слушать, в совещательных комнатах ничего не обсуждают, в"
не понимаю,  почему судьи женщины и престарелые.  Их подбирают по  возрасту, а не по квалификации.  Как они могут  рассужать  на темы в которых  ничего незнают и не хоят  знать?! Я настаиваю  на том, что  судей надо  оценивать  по их  работе. если  судья  вынес  решение, а вышестоящая  инстанция  отменила это  решение,  то  судью надо уволить    
"В целом работа суда организована неплохо по сравнению с районными судами. Зависит от конкретногг судьи.
Есть дешевая столовая, не очень вкусно"
"Суд в шаговой доступности от метро.
Много времени на рассмотрение дел не тратят."
Было плохо, стало еще хуже!!!! Полнейшая безнаказанность и беспредел. Отсиживаются. .  В день назначено более 60 дел. Рассмотрение ровно 5 мин.  Один судья читает дело, другой в окно смотрит, третий....  Даже не вникают!!!!!!  5мин!!!!!! Все формально. Вершители человеческих судеб!!!!
Судьи этого суда скрупулезно относится к материалам дела. Часто. очень часто исправляют ошибки районных судов первой инстанции.
Жуткое место! Не приведи господь! Самое ужасное,что мы вообще никому не интересны со своими проблемами. У них уже зарее заготовленные отказы, рассмотрение происходит очень быстро. Но ожидание процесса 3-4 часа. Полнейшее неуважение к людям. За то им
аппеляцию рассматривали в разгар карантина! Результаты не могу получить до сих пор, все засекречено.
Его ещё называют мосгорштамп, за то, что штампует без изменений решения районных судов. Но в последнее время появились таки судьи викающие в суть дела, даже по уголовным делам, где уже сложилась традиция в 0,3 оправдательных приговоров. Напомню, до Октябрьского переворота 1917 года  их было 30.
Полное и упорное игнорирование законодательства, ТК и ГК, показаний участников процесса, представленных  доказательств. Если это правосудие, то что тогда беззаконие?
"В этом фото весь рассос суда. Никто ничего не знает, никто ничего не может. Ходят как улитки, орут и ничего не делаюь
"
Великолепное место! Судья Сысоева грамотный специалист ! Решение суда первой инстанции об отмене отсрочки признала не законным! И освободила от отбывания наказания
"Первое суд оказался отдельно от закона.
Точно также как и Измайловский суд первой инстанции.
Даже намека на какую либо справедливость или законность нет и в"
Спасибо, что есть парковка
Задержка заседания 3 часа. Шлют повестки юр лицам на не актуальные адреса 
"Это не суд, а судилище. Суд даже не обременяет себя вопросами к сторонам Плевать им. Зачитали часть текста заявления и тут же ушли СУДИТЬ. Весь суд не более минуты-двух. За что этим, с позволения сказать, судьям платят их высокую зарплату.  Омерзительное впечатление. Слушайте, при чём тут здание, буфет и территория?Вы о чём?
"
Судьи не вникают совсем с суть жалобы и не обращают внимания на нарушения суда первой инстанции. Это факт. У нас правосудия нет.
Отвратительно!!!! Аппеляционный корпус заседание назначают на одно время, а приём по факту аж через 4-5 часов!!!! Вы там нормальные вообще? 
Очень красивое здание,чисто ,залы просторные ,одно но нет кофе аппаратов иногда ждёшь долго и нет где попить кофе.
От метро Преображенская площадь удобнее всего пешком, да и быстрее, чем ждать трамвай. Здания светлые, охрана внимательная, персонал вежливый и компетентный.
Маленькая стоянка.
Добавьте, пожалуйста, окно в 111 комнату на просто спросить. Иногда, действительно, короткую информацию можно получить только здесь и нет смысла сидеть в огромой очереди.
Очень хорошее место, когда суды выигрываются. Плохих впечатлений практически нет. На удивление небольшая задержка по времени в 2020 году.
Главное здание правосудия Москвы, распологается относительно метро неудобно, зато есть бесплатная парковка напротив суда для посетителей!
Этот городской суд выглядит галочкой на теле правосудия. Эксклюзивных решений по жалобам на постановления всяких ГАИ, МАДИ и т.п. здесь практически не выносят.
Здание красивое и внутри все отлично, но отдельные судьи такие как Пильгун А.С. портят  картину суда. Ему точно нельзя доверять дела апелляции, потому что при явных ошибках судьи Сакович Кузьминского суда он не моргнув глазом, поддержал её решение утвердив
Если это можно сказать про суд. Большое красивое здание с удобной логистикой, уголовные дела отдельно, гражданские дела отдельно.
"Самый честный суд в мире...
Нет паркинга... Но рядом с метро...
Огромная территория и много зданий, первый раз понять куда идти - невозможно... Да и второй раз..."
Сейчас мой муж он представитель ответчика только что позвонил и сказал, что судебное заседание, назначенное на 10 утра, не состоялось. Секретарь стала уверять, что они не слышали, как их вызывают. Три человека один юрист с одной стороны и 2 с другой не слышали!!!! Они
Смотрю отзывы , и смотрю на здание которое отгрохали для этого всего бардака, выводы всем прекрасно известны
Судьи которые реально вникают в суть вопроса, рассмотрения были у 5 разных судей и все решения были на основании фактов , а не нравиться не нравиться, как в районном суде
Были назначены три рассмотрения административных дела у двух судей в одно и тоже время в 12 часов! На разных этажах.. это как? Хорошо, судья пошёл на встречу и перенёс  время.. по поводу самих судей более неадекватного судьи как Козлов я ещё не видела!  Он просто реально
"Иск об обеспечении ребенка с заболеванием СМА дорогим лекарством.
Условно назову ответчиков Федеральный бюджет и Бюджет Москвы.
Первая инстанция удовлетворила иск к одному из ответчиков.
Апелляция Мосгорсуд при первом рассмотрении решила, что"
Здесь всё чётко и ясно, хорошо организована работа - не сравнить с районными судами! Конечно, народа много, а судей мало - приходилось ждать, но не по 6-8 часов, как в районных!
Перепутали назначенное время на сайте 10.50, в итоге заседание началось с 15.00, в итоге приняли решение за 2 минуты не рассмотрев ходатайство....
"Здравствуйте.
Формально всё соблюдено.
Но впечатление, что оказалось на выставке художников импрессионистов.
Спасибо за внимание к отзыву"
Декорация а не правосудие,решают судьбу человека за полчаса,доводы защиты не принимаются,суд на стороне обвинения,по своим домыслам и предпочтениям выносят решения,не портить так называемую работуследствия,берется во внимания показания оперативных
Судья вальяжный Даже не выслушали Усмехнувшись что я буду читать претензии Но я видела что и адвокаты читают  А я была сама без адвоката Удалились как и в Басманном суде на 2 минуты Слышно было хихиканье дам И вынесли подтверждение предыдущей инстанции  Буду подавать
К вечеру отсутствуют стаканчики в кулерах. Бывают длительные задержки, после которых судьи гонят дела по-быстрее и в результате в суть дела не вникают.
Хорошие специалисты
Как и любой суд место не из приятных. Но пропускная система, здание чистое, оборудовано эл. табло.
"Сайт Мосгорсуда уже несколько дней не работает. Нет возможности получить или отправить информацию.
Какой либо информации, о нормализации работы сайта, нет.
Плохо."
Красивое здание, приятно посетить, строителям 5 баллов. Как институт правосудия - 2 балла. 
как был беспредел так он и есть, решение суда зависит не от закона, а от настроении судьи в данный день
Самый ужасный  суд г Москвы. 11 октября 2021 года  судья Соколовский  М.Б ограничил меня о дополнение судебного  следствия ст. 389.13 п 9 . Неоднократно мною  было  написано жалобы  на имя председателя  МОС ГОР СУДА Птицыну,  но Птицын даже не  ответил, у наших судов свои
На телефон никто не отвечает!!! Извещения на слушание дела не присылают, даже по телефону не предупреждают! 
Вход в апелляционную инстанцию в отдельный вход. Дела слушаются в другом крыле.
Судебная система в РФ - это рулетка. И Мосгорсуд ничем не отличается от того, что есть в районных судах и мировых участках. Вроде, красивое здание суда и ухоженная территория, но сути происходящего это не меняет. Форма заменяет содержание.
по постановлению Солнцевского суда меня депортировали не законно ,необоснованно 25июня 2021 года .Я обжаловал постановление 28июня 2021 года в Солнцевский р.суд и Мосгорсуд .С уведомленим  через Почту России.Но почему то до сегодняшнего дня не рассмотрели .Прошло
Не видела ни здания , на территории !!! Да и не важно это !!! Но в нашем деле суд разобрался и вынес справедливое решение , это самое главное !!! Спасибо огромное . 
"Желаю судьям из 272 кабинета крепкого здоровья, счастья, благополучия видимо мало, пусть еще будет 
Я думала, что в нашей стране суд и апелляция встает на сторону сотрудника  но тут мне показали обратное, спасибо, урок записан. В"
Самый справедливый гуманный суд в мире я уважаю этих судей они выносят действительно настоящее решение решение жизни человека
Самый Ужасный Суд г Москвы. Сколько не пиши без результатов,даже не читают Мною было отправлено жалобы  о фальсификация протокола сз Птицину,но ответов не было. А также судя Соколовский М.Б ограничил меня о дополнение судебного следствия ст.389.13 ч9 у них свои законы .уг.дело 1-552021. Сфальсифицировали протокол судебного заседания
Молитвина - убожество,  которое берет взятки за положительное решение. Вообще клубок так запутан, что аппеляция всегда куплена, на неё даже не надейтесь. Она даже не слушает вышестоящую инстанцию, это смешно СК займётся всеми, кто плохо себя ведёт.
мосгорштам, там очень мало правосудия. редко выносят справедливые решения. совет судьям, принимайте решения с учетом судебной практики.
Присяжные заседатели по указанному телефону дозвониться невозможно. Никто не берет трубку. 
В туалетах так себе.... Самая дешёвая бумага, жидкое мыло в старой мятной бутылке, сушки для рук все не работают. И это главный суд Москвы....
Честно. рекомендую всем в виде обжалований там всегда. Бесплатно и без взяток. Коррупция на минимуме и то в другом деле.
Очень удобный формат направления документов в электронном виде. Но проблема с контактированием по телефону. Трубки берут очень редко 
Можно долго составлять ходатайства, объяснять свою правоту и прочее, но зачем оно, если опытные судья знают, что нет поводов не доверять представителю власти.
Законом и справедливостью тут и не пахнет
Оставь надежду всякий суда входящий. Данте.  Так можно охарактеризовать работу Мосгорсуда. Подавал  аппеляционную жалобу на решение Симоновского суда. Коллегия судей-женщин даже не спрашивала не уточняла вопросы по делу. Лишь бы отмахнуться. В России отсутсвует судебная система
Был один раз в апелляционном корпусе на заседании по гражданскому делу. Современное, очень хорошо оборудованное здание.
Дали изложить суть апелляционной жалобы только Ответчику, Истцу слово не предоставили.
Красивое здание,на входе в главный корпус очень вежливые приставы,всегда подскажут куда пройти или направят в другое здание.
"Рассматривалось гражданское дело в первой инстанции, задержка более часа.
Но в гражданской канцелярии очень лояльные сотрудники, всегда подскажут, помогут."
Судьи, у которых нет времени даже на то, чтоб нормально принять пищу. В таком положении вещей невозможно принимать нормальные решения. В остальном вполне нормальные люди.
По сравнению с районными судами очень большие и просторные корпуса. Припарковаться можно во дворах. Все понятно организовано.
Закон, что дышло в данном судилище именно СУДИЛИЩЕ, по другому назвать язык не поворачивается 23.06.2023 г. за вх. номером 64922 мной была подана жалоба на постановление по делу об АП, в итоге о судьбе данной жалобы мне не известно до сих пор, поскольку в почтенные и
"Помещение хорошее.
Но судьи не вполне профессиональны.
Особенно это заметно по вновь принятым в статус. Они, например, требуют обоснования привлечения Филиала ФГБУ ФКП Росреестра по"
20  Мая 2021 года  я был кандидатом в присяжные   всё было хорошо   и просто отлично все сотрудники вежливые  и понимающие    Всё было просто супер    мне понравилось
По моему иску, дело номер2-48123 бутырского суда я получилась пострадавшей от решения судьи Королевой Е. Е, которая назначила судебную экспертизу, хотя была независимая, которую я оплатила, и ПРИСУДИЛА мне оплату  25 тысяч пострадавшей в заливе квартире
Не понимаю людей, которые ставят положительные оценки этому учреждению по внешнему виду. Оценку суду надо ставить по критерию соблюдения законности, а вот с этим Мосгорсуд при Егоровой весьма хромает, о чем наконец-то вынесены определения вынестоящих судов. А
Спасибо вам городскому суду Московскому то что стал на мою сторону как дети сирота тем людям которые  я была в кабинете Огромное спасибо и огромный поклон тем судьям где я была Дай Бог им здоровья
Очень хорошее здание, видимо удобное и для судей, не только для судящихся граждан.
Отвратительно всё! От организации работы в целом до подхода к рассмотрению и непосредственного рассмотрения дел!
Из-за эвакуации слушание перенесли на 4 часа того же дня. Рабочий день у судей до 18, а я не последняя слушалась в 19. Уважаю и спасибо за стойкость!
Это дно правосудия, здесь нет законов есть только судьи работающие по тарифам, в моем случае по тарифам от дги, и малолетние прокурорши и жирные расплывшиеся тетки в мантиях которых почему то называют судьями центр мракобесия и бесправия!
Эти так называемые судьи выносят решение сердцем. С делом не знакомятся, жалобы не читают. С таким же успехом можно у бомжей спросить, как разрешить ваше дело. Бомжи даже, наверное, лучше разберутся.
Спасибо за справедливость и четкое соблюдение законодательства! Судьи - профессионалы Высшей категории!!!!
Нет своей парковки для поситителей. Автомобили поситителей занимают все ближние дворы так, что припарковаться живущим там нет возможности!
время 15.10 люди у которых на 12.50 назначено сидят и ждут . вот и думайте как Вам такое отношение?
Народу уйма. Время ожидания доходит до 5 часов.
Хочу поблагодарить судей апелляционной инспекции. Спасибо вам огромное за законное решение, просто уже все до слез.  В Бутырском суде -Начинкина отказала в удовлетворении иска о возмещении ущерба, причиненного пожаром, а судьи Московского гор. суда ссылаясь на
Красиво, панели электронные повесили, внутренняя территория чистая, кусты, статуи. Почти внушает. Судья был пафосный, но справедливый.
Судьи стали принимать решения против защиты прав потребителя  в связи с нынешней ситуацией  в стране, поддерживают  малый и средний бизнес. Судья мосгорсуда ни стого ни с сего приняла документы стороны, которая  без уважительных причин в суде первой инстанции их не представила.
После выигранного здесь суда против ПФР я стала подозревать, что наш Суд - самый честный суд. Все чисто, не воняет КПЗ , как в Хорошевском  суде, инфопанели около зала заседаний , транслируют информацию он-лайн . Туалеты чистые. Ожидание комфортное.
"Не надо гонять людей из корпуса в корпус и из кабинета в кабинет.
Непонятно, почему,  апелляционных дел нет на сайте.
Непонятно, почему часовня Святителя николая закрыта в то время, когда, согласно расписанию, должна быть открыта."
Все удобно и понятно. Единственное, надо как то изменить систему информирования о расписании заседаний.
Если по делу - бесполезное место.  Создают видимость и фикцию. Определение - президиума - надо заказывать. А потом приезжать. Само здание норм.
В декабре 2020 было рассмотрено мое дело. Ощущение что пособники режима сделали все для унижения народа
"8 состав судей.Мосгорштамп он и есть мосгорштамп.Не читают,не вникают а тупо оставляют решение 1 суда в силе.
Молодцы,давайте вставайте дальше на сторону аферистов."
"18 декабря 2023
Уважаемые судьи С какой целью Вы пона закрывали лифты? Люди попадают на этажи от куда потом можно выбраться только по карточке, нервничают, опаздывают. Ваше здание больше становится похоже на"
Очень честный суд.Все решения справедливые.Огромное спасибо судьям за честность и терпение.
Судебная лотерея! Но, справедливости ради стоит отметить,  что есть еще судьи у которых осталась совесть и человечность!
Пожалел, что обратился.  Судился с проклятыми парковщиками из-за штрафа за якобы неуплату парковки, хотя любому вменяемуму  человеку  при предъявлении моих доказательств очевидно, что парковка была во время оплачена.  Судья несла какую-то позорную околесицу лишь бы
Лучше это место не посещать, правосудия у нас нет. Впрочем, как и многого другого. Назрела выборность судей, но поможет ли?
Очень несолидное заведение. Довелось мне поприсутствовать на одном заседании. Сначала был бардак с залами назначили в одном, а проходило в другом зале. Опоздали с началом на 4 часа, пришлось ждать в коридоре! Зато само заседание длилось ровно 5 минут! Судьи быстренько зашли,
Судьи трудяги конечно, но задержки слушания просто космические. шесть часов ждали. 
Странно архитекторы поставили здание, такое монументальное, а смотрит на узбекский ресторан и парковку с руинамм... Хотя справа вообще кладбище, видать в России для Закона места лучше не нашлось
Приходя в Мосгорсуд вы должны понимать, что, суд не на вашей стороне и не на стороне Закона. А на стороне Государства. Если говорить простыми словами это ИГРА В ОДНИ ВОРОТА. Обращение в вышестоящий Верховный суд пустая трата сил и времени. Судьи сами не решают
В Мосгоресуде, как и везде, есть всё кроме справедливости. Но, не стоит огорчаться, что заслуживаем, то и имеем! А так, строение красивое, даже очень. Главное, чтоб доход приносило.
Огромное здание суда. Внушительное и монументальное. А мне жалко домики и старую улицу, которые здесь были. Когда-то в этом месте шли съёмки старой Москвы
Не хватает законности в решениях. Каток который остановить не возможно, если он наехал. Здание хорошее, столовая и кафе тоже без претензий
Я не считаю себя в праве комментировать действия правосудия, тем более на основе моего мелкого дела. Охрана на входе хорошая, каких-либо выводов из общения с должностными лицами Суда делать не могу.
Прекрасное помещение.провели в ожидании заседания 4 часа.хотелось бы,чтобы поставили автомата с кофе
Задержки около 1-2 часов стабильно, а так хороший суд, до арбитража конечно далеко, но по сравнению с районом - уровень.
Здравствуйте!  Я адвокат Адвокатского кабинета 773-3311, находящегося по адресу г.Москва, 1-й Тушинский проезд, д.6. По роду своей деятельности частенько бываю в Мосгорсуде - представляю тут своих клиентов по различного рода делам. Могу отменить
Отвратительная организация работы. Всегда заседания начинаются с опозданием на два часа минимум.
"Люди сидят и ждут по 6-8 часов. Вызывают на заседание хаотично. Смысл вашей записи? Целый день в суде просидеть?
Это безобразие. 
"
По долгу службы часто бываю тут. Всегда чисто, вежливые служащие. Находиться приятно
Пресс-служба работает очень хорошо
Что можно сказать о суде? Суд есть суд... Разные дела, разные решения, разные составы и разные судьи - в целом 5.
С точки зрения расположения - не очень удобно и на общественном транспорте, и на автомобиле, хотя они постарались, рядом есть стоянка для посетителей правда, нет гарантии, что место найдёшь и там. Основная проблема - выезжать с неё, т.к. улица очень узкая двухполоска
Не поленитесь осуществить отвод прокурора с украинской фамилией. Этот человек поражает судейскую коллегию своим нацизмом на рабочем месте Был трудовой спор. Задержка заседания ровно на 3 астрономических часа .
Я в шоке, не думал что такое вообще возможно, все чисто формально, состав судей вызывает сразу 3-4 разных дела на слушанье, по 2 минуты каждого типа соушают и отказать, ходатайство что адвокат заболел НЕТ, ходатайство послушать свидетеля НЕТ, в первую инстанцию вообще не
Заставляют одевать маски и перчатки, без них не пускают, а сами без масок и перчаток
"Спрашивают, почему суд отпустил отца семейства Низами Аббасова, организовывавшего бегство  убийц. 

Это вообще было абсолютно неизбежно, потому что примечание к ст."
Здесь работают профессионалы своего дела, самые компетентные специалисты, благодаря которым вершится правосудие.
В апелляционном корпусе нет даже автоматов с водой, а задержки бывают по 3-4 часа
"Существуют на деньги налогоплательщиков, а качество оказываемых услуг для этих же налогоплательщиков на нуле!
Бардак!"
"Что можно сказать пол суд
Чисто,аккуратно,под охраной все
С детьми не пускают!!!!! Есть кафе где можно перекусить."
Очередь в канцелярию по гражданским делам апелляционной инстанции более 2-3 часов
Приняли решение о том , что Я обязан снести стену соседу , которую Я не возводил, его в процесс не вызвали , документы , доказательства , все не важно , зачем Я учил юриспруденцию в высшем учебном заведении , где продают учебник по абсурдной казуистике? 
Выиграть дело и добиться законности и справедливости в мосгоре невозможно, если конечно у вас есть влиятельные, коррумпированные покровители и связи, вот тогда любой вопрос за ваши деньги. Коррупция начинается с районных судов, а потом плавно переползает в мосгор.
"Судилище. Позор. 
Только что вернулся с апелляции... Ребята большего унижения и пренебрежения я не встречал. Отойду от эмоций, напишу подробнее... А пока только мат в отношении этих в черных мантиях"
Не советую. Очереди от 5 часов до ночи. В общем ужас. Так любят простых людей
Хорошее здание. Много места. Есть столовая, места для сидения. Туалеты.
Хороший милый милый хороший милый милый суд хорошо относится ждут все наши понимания я лучше мы захотим всё обеспечено в общем хороший суд
Современное здание, архив и канцелярия работают четко, все организовано и налажено
Сегодня выиграла апелляцию, все быстро без лишних слов!  Довольна. 
Дело 2-35022022. Рассматривала Судья Сафьян Е.И. Зюзинский гс. Раздел совместно нажитого имущества. Процессуальных нарушений было много. Но напишу о главном! 20.12.2022г. Сафьян вынесла Определение о наложении ареста на имущество дачи и авто.
Удобное месторасположение, рядом с метро. Чисто, четко, грамотно.
"Выражаю огромную благодарность судьям апелляционной инстанции судебной коллегии по гражданским делам- Пономареву А.Н, Клюевой А.И, Аванесовой Г.А, это профессионалы, чести и достоинства , закона,  от бога.
Низкий Вам поклон, долгих лет работы и здоровья !!!"
Каб.111 очень грубая девушка ,19.03.2024г. я получала опрелеление, просидела 1 час очередь, ранее обращалась  все сотрудники вежливые   
Вопрос сколько вы будете спамить меня письмами? Я вам писала на почту, почему я не могу быть присяжным заседателем . Спам продолжается. Можно ли на суд подать в суд?
От Э-заводской пешком полчаса. Копии решенийопределений надо заказывать, выдают на 6 день после обращения. Есть столовая.
"Пандемия? Нет не слышали... 
Ни один телефон не отвечает. "
"Суетное место
На рассмотрение дела отведено мало времени, бешеные очереди.
Уставшие судьи"
Большое красивое современное здание . Нет очередей при входе и выходе.
Судьи не вникают в дела, не разбираются в нарушениях судов нижестоящих инстанций.
То самое место, где о справедливости не слышали. Сплошное покровительство судей друг другом и попирание писанных законов.
Красивые здания большая территория не далеко от метро,но лучше такие места посещать как можно реже и два быка правосудия прокурорсудья,
Красивое огромное и величавое здание, причём состоит Мосгорсуд из нескольких зданий, соединённых между собой
Мы тщательно готовились ко встрече с оппонентами и это принесло свои плоды. Центральное Таможенное Управление было посрамлено, доказательства представленные нами оказались неопровержимы. Еще одна победа положена в копилку защиты.
Судья отдельно, закон отдельно. Вместе у них не получается. Приличных слов нет. Вместо фактов, одни их домыслы, ничем не подтвержденные. Абсурд полнейший, а спорить с ними нельзя. Такое ощущение, что они нигде не учились или у ним мания величия.
Неорганизованность полнейшая, судьи вызывают на заседание в разнобой и не по времени.
Удобные парковки возле суда, есть больше задержки в заседаниях 
Одна звезда потому, что пока не была, но предстоит апелляционное заседание 12 июля после незаконного отказа судьёй чугайновой в Люблинском. Надеюсь, что в Мосгорсуде судьи честные и порядочные.
Все как всегда. Задержки минимум часа два. Ко времени заседания приезжать никакого смысла.
Судья Кузьмичев Артём Николаевич, можно ли считать человека, слепо подмахивающего определения, с незаконными требованиями юридической стороны, не предоставившей ни одного доказательного документа  судьёй? Я, считаю таких - коррупционерами в компании с Пильгуном А.С. и Астаховой Е. А.
"Максимова Е.В. отрабатывает заказы, распределяющиеся через Гербекова Б.И.

Затваривают и растлевают ещё не вполне морально разложившихся"
Сегодня 25 ноября был суд по снятию обременительных мер ЖК Филатов Луг. Ваша честь спасибо вам, что вы приняли такое решение и наш Мёртвый городок скоро оживёт. Суд справедливый!  
В таких местах лучше не бывать. Сотрудники МГС как работники 5050. А вот приходящие к ним Следователи Прокуроры и Адвакаты постоянно опаздывают , не компитентны плохо информированны ,пытаются из себя показать очень значимых в этой жизни, а на вопрос судьи !  На деле двух
Апелляция не вникает в обстоятельства дела. Суд проходит формально.
Удобное месторасположение, с парковкой проблемы.
Хорошие помещения, достаточные для размещения участников процесса.
Фабрика судеб. К делам относятся формально, не превышая 5 минутный лимит.
"Уважаемые Граждане! Решение принятое судьями Московского городского суда в составе
Судебная коллегия по гражданским делам Московского городского суда в составе  председательствующего Вишняковой Н.Е"
Посоветовал соблюдать законы и другие нормативные акты РФ! Человечнее относится к посетителям! Организовать труд сотрудников организации в целях своевременного и оперативного содействия правосудию!
24.11.21 районный суд на каширском проезде оставил в силе решение мирового суда, сказали что могу подать касацию в мосгорсуд, адвокат сказал смысла нет так как есть не гласное распоряжение председателя мосгорсуда лишать прав. Кстати лишение было за выезд на встречную
"Уважаемые судьям Огромная вам Спасибо. Судьям тем которые Встали на мою сторону.  Я не помню кабинет какой 
но кому я попала в зал этим судьям дай бог Здоровья вы самый лучший судья И хочу пожелать Дай Бог вам здоровья то что вы есть у нас то что"
"Мне нравится...
Пресс служба выше всех похвал!
Кафе хорошая.
Раздевалка на -1 уровне, там же и туалет.
Есть лифты."
Красивый комплекс, приятно глазу. И всё. Судьи ничего не решают, им некогда, посидели в коморке, посмеялись, а тем временем решение уже на табло до оглашения, зачем заморачиваться. Дорогие господа в рясах судей, Дай Бог вам здоровья. Но расскажите когда и где судьи теряют СОВЕСТЬ. Доброты вам в души.
Хороший суд, современное здание. Далековато от метро, но не критично.
"САМЫЙ БЕСПОЛЕЗНЫЙ СУД И ИНСТАНЦИЯ! 

Божепочему в судах не работают действительно совестливые люди, работающие по УПК. Почему эти людивправе решать судьбы наших"
Сотрудники суда считают, что им и их родственникам должны целовать ноги помощник суда Назаренко А. В. и на основании того, что они являются госслужащими могу не выполнять решения суда. Председатель суда имея многочисленные письменные жалобы на действия сотрудников судов в столичном регионе
Современное здание. Здесь относятся к посетителям лучше, чем в других судах.
Обширная территория с несколькими новыми зданиями. Приятная атмосфера, но не всегда заседания проходят по расписанию.
"Суд как суд. Людей много, душно, муторно, для ожидания не хватает мест.
Да как и везде,  но почище."
Работа судей, с которыми общались, построена по принципам смотрю в книгу, а вижу фигу, используя метод тяп-ляп.
Отвратительное , что место , что коллектив судейский , представили все доказательства , судья просто покрывает своих коллег
Решения принимают...копируя первый суд..даже не рассматривают.Назначи на одно время,а приглашают  через 4-5часов.Ни кому не стоит верить..Работать ни кто не хочет.Что они там вообще сидят...
"Недружелюбные полицейские на входе, отсутствие парковки.
Довольно просторно и комфортабельно внутри"
А судьи то спят. Или в телефоне сидят. И решение выносят. А правосудия нет. Все думают что их работу проверяет сам президент. Да никто не проверяет их. Вот и беззаконие. Потому и фраза есть. Судью на мыло!
Это не суд. Это лотерейный маркет. Повезет не повезет. Будут ли изучать материалы не известно. В моем случае на все указанные нарушения в жалобе никакого результата.
Правосудия нет в этом суде , все куплено,мосгорсуд за власть, суд был с ДГИ , суд против власти не пойдет , а то коллег из предыдущего суда унизит и подставит и не дай бог его за это мантии лишат   , решение не принемает , все решено заранее  , судья Лукьянченко В В , даже не читал
Справедливо отменили решение районного суда. Так что не штампует. После прочтения отзывов многие даже не пытаются , а зря .
"не подкупные судьи 
Очень долгое ожидани в суде. 
Можете смело опаздывать на пару часов"
Один раз судилсягражданка и судья вынесла решение в нашу пользу. Спасибо.
Что сказать людей тут не слушают и игнорируют
Долгие ожидания процесса, назначат на 900 рассмотреть могут и после 1400. Весь день потерян.
Большая территория и каменные сердца черствых людей в мантиях, которым важна не справедливость, а поток. Да воздаст Бог каждому по их делам и сердцам!
Московский суд, он как ячейка Российского суда - самого гуманного суда в мире.
Добираться сложновато, оч красивая территория, охрана вежливая персонал как всегда на пафосе, но все быстро приняли проконсультировали..
безобразие-несколько лет длится суд о разводе в мещанском суде,по навальному сразу вынесли вердикт,а я простой смертный,никому мы не нужны
Зачем существует данная инстанция, остается загадкой. 99 решений оставляют в силе даже несмотря на конкретные факты нарушений при вынесения решений судов первой инстанции. Видимо установка такая, чтоб не портить статистику. У нас де правовая страна
Прекрасное заведение, хороший сервис, интересная архитектура, справедливые решения судей. Добротная столовая. Рекомендую для посещения!
красивая архитектура, а судьи штамповщики, жаль, вроде как уже не в СССР
Все по разным корпусам раскидано  кассационка в главном здании подаётся теперь
Досмотр на входе слишком жесткий. Надо вынимать из карманов не только мобильник, но и ключи и  мелочь.
Большое современное красивое здание, но к сожалению среднестатистический гражданин в РФ абсолютно бесправен, несмотря на всевозможные кодексы.
Невозможно дозвониться. За два масяца упорных звонков,ни разу ни кто не ответил!
оставили приятное впечатление. дела читают, и реально рассматривают жалобы. 
Лучше не доводить дела до посещения сего здания. Старайтесь решить вопрос на начальном этапе конфликта.
Про суд ничего не могу сказать. Но как в государственном учреждении, в котором решаются вопросы законодательного характера, находится столовая, в которой ведёт деятельность контора незарегистрированным кассовым аппаратом, которая ещё и скрывает выручку. Позор. 
Данная организация  отвечает  требованиям  сегодняшнего дня, есть киоск  где можно купить нужные книги.
Судья Абалакин пришедший из зеленоградского суда является активным представителем ЛГБТ. Он наследил в городе страшно безобразно и перевелся в москву. Будьте с ним очень осторожны он поддержтвает только представтелей своей ориентации. Совершенно бессовестный представттель этих. 
Судья Арычкина Симпатичная и  очень Хорошо знает УПК за что огромное ей спасибо 
Все хорошо но есть один большой минус заседание проходят с опозданеем
"Здравствуйте.
Басня о Пересочинителе. Чтобы увидеть дно, нужно смотреть выше.
Жила- была судья и рассмотрела она дело  12-02542024 в Щербинском районном суде города Москвы. Подробный отзыв в сети имеется. И на"
Самое приличное место здесь - кафе и столовая на первом этажею
по телефону никто не отвечает, судебная система не работает.
Это не суд, а цирк соблюдения протоколов. Три клоуна сидят, на серьёзный щах зачитывают аппеляцию, удаляются в совещательную комнату на 10 секунд! буквально и возвращаются с решением оставить решение первой инстанции без изменения. Не стоит рассчитывать на честность и объективность в этом храме лицемерия.
Великолепная организация а главное что все пунктуальные.
Все четко и понятно
Безопасная система входа. Хотелось бы побольше сидений в коридорах. Мест всем не хватает. Мой вопрос был внимательно изучен и вынесено справедливое решение. 
Самый гуманный суд ! 
Оборотни в мантиях. Коллегия вынесла неправосудное решение. Их президиум отказался рассматривать кассационную жалобу, не смотря на грубые нарушения. Решение выдали на 1,5 месяца позже чем требуется по закону. Специально, чтобы я не смог обжаловать в Верховном суде. А на сайте и в решении стоит другая дата.
Бюрократы,  которые даже не хотят рассматривать дела и просто дают отписки.
Безобразие, посетить без записи нельзя. Надо позвонить.  Звонить бесполезно не берут трубку. Потом перезванивают 2-3 секунды и сбрасывают. 
Красивое новое здание. Место хорошее. А вот кто в нём работает и какие решения принимает...... Каждому своё. Бог всем судья.
все суды это фикция даже если выносят решение , оно не исполняется мне в Мещанском  районном суде вынесли решение судья Пивоварова ,а с 22года до сих пор оно не исполнено.для чего тогда нужны   суды,. мне судья в Тушенском районном
Суд стал лучше работать. Возможно реформа пошла на пользу. Или мне в последнее время везёт на правосудие
Невозможно дозвониться!!! На слушания не вызывают! О результатах на сайте не узнать ничего. Профанация, а не сайт для людей.
Ужасно неудобное расположение, судьи просто запрограммированные бюрократы, и не защитники прав людей, а сторожевые собянинского  антипорядка социального
В связи с пандемией суды ввели ограничительные меры для тех, кто не участвует в судебном процессе, в том числе для СМИ. Это произвол! 
Суд как суд. Загруженность огромная. Поэтому не стоит сетовать на огромные очереди.
Чистый и хорошо охраняемых суд. На первом этаже столовая.
Была в 2020 году. В целом осталось положительное впечатление.
Рассудили по закону а не по понятиям в отличие от районного суда.
Итак все всё знают. Очереди, бардак... непредвзятостью не пахнет.
Город в городе. Разобраться можно, указатели висят. От метро идти далеко.
Прекрасный суд. Классное здание! Выносит справедливые решения. 
Подавал жалобу даже не рассматривала толком все на потоке 
Бала у Дорохиной Е.М. Никаких вопросов, все грамотно, по делу. Только очень важный помощник
Не самое приятное место, мне не понравилось. Не впустили меня на заседание. 
суд как суд.жаль что дела не рассматриваются по существу
Здание старое. Процесс вроде пытаются организовать... но в системе общей юрисдикции всегда одни но....
В основном доволен его работой в апелляционной инстанции. Помогает.
Не возможно дозвониться просто не берут трубку
имеет несколько корпусов апелляционный, кассационный там же уголовный состав
Конвейер людских горестей, не интересных судьям. Судьи безучастны ни во что не вникают. Мошенникам и преступникам хитроумным раздолье
Просто публичный дом слов нет об этой местности одни продажные ,,,,,,
В общем-то неплохо, но кто первый раз - можно запутаться. Навигация - никакая.
"Расматривалось дело в опеляционом суде . Не правомерное решение судьи из Нагатинского суда оставил  без изменения . И вот уже почти 1.5 месяца я жду решения из суда . А обещали 2 недели как так ?
"
Ждали апелляцию 5 часов, но судьи отличные 
Запутанная навигация на улице, приходится спрашивать прохожих куда идти, где нужное здание. Внутри долго идет очередь
заседание назначено на 1000 сидим до сих пор. адвокат говорит,  это обычная практика судей.  полное неуважение к гражданам.
Спасибо
"Отвратительно работает канцелярия по гражданским делам... 
"
Все красиво и просторно но очереди очень большие.
Хороший суд
Здание абсурда!  Особенно радует скульптура двух бадающихся быков! Смысл не понятен, но впечатляет. А про судебную систему- либо хорошо либо ничего
Почему не смотрите на срок документов,  как можно принять акт опеки и попечительства от 2012 года ? Вы там чем занимаетесь и для чего сидите ? Зачем делать детей бомжами за чо ?
Всегда долгое ожидание в очереди, не оправдывает надежды правосудия
Разбирали одно дело судьи и прокурор очень хорошие,
Очень большие задержки
Суд как суд удобная парковка напротив
Лично для меня удобно. что главный корпус и апелляционный отдельно. Но эти задержки 
Болото - в любой его сущности, циничное, лживое,   грязное, с трясинами и кочками, - но в гранитом обрамлении! Да ещё и под Гос.охраной- на деньги налогоплательщиков! Столкнуться или попасть- в эту лужу.., - опасно для любой жизни!
Чисто, тихо, удобное расположение. Загруженность судей, конечно, патовая.
Все всегда четко, но бывают задержки по сз
Место куда стекаются страждущие справедливости! Расположено жутко не удобно
"Для посетителей не удобен.
Может для судей хорошо, это же их дом."
"Мосгорсуд - это классика жанра. Куда без него?
Есть принципиальные и разбирающиеся судьи. 
Но есть и такие, которые просто не достойны быть судьей, поскольку своими действиями умаляют и статус судьи, и веру в справедливое"
Была там в качестве присяжного заседателя. Приходить обязательно с паспортом, фотографировать нельзя
"Контакты, которые указаны НЕ РАБОТАЮТ.
Телефоны не берет никто, звоню в рабочие часы.
"
Конвейер в дело не вникают ни о какой справедливости не может быть и речи надейтесь только на удачу ворон ворону глаз не выколит
Новое современное здание, удобно расположено, есть места где можно в спокойной обстановке, ожидать процесса.
Не всегда правильные решения. А еще и время слушаний съезжает...
Зачем Александру Пичушкину такой приговор жесткий вы сделали в 2007 году, освободите его по удо
Ждали своего заседания 4 часа, ещё тогда это попахивало мошенничеством, что нас запустили последними, в итоге судья Логунова лишила меня единственного жилья, просто понравилось ей, и передала мою долю гражданину Навальному, как передачку на зону, и подселила
К сожалению телефонное право никто не отменял Особенно плохо когда судьи прикрываются законами. А они это умеют! Жалобы в квалколлегию никогда результата не приносят. Корпоративная солидарность... и этим все сказано! Если хотите почувствовать себя
Подход к рассмотрению дел абсолютно поверхностный.
Нареканий нет, все судебные процессы проходят без задержек
Работают бездушные, юмаристы -...   Волею судеб присутствовал на эдоком конвейере рассмотрения многих дел. Сложилось чёткое впечатление того, что судьи глухи к чужим горястям...  И это я очень скромно выразился. Когда уже компютеризируют алгоритмы судейства.
Не был несколько лет очень продвинулись в ит сфере
Далеко от метро, слишком много корпусов и очень большая территория. Был там один раз, больше не хочу!
Много бюрократии в организации приема граждан
Каневской суд разнести в пух и прах. Особенно судью даурову
Дела на потоке, решения принимают за считанные минуты
Плохо с парковками
Чисто  опрятно из минусов нет электронных табло
Убрать забор и восстановить стоянку во дворе суда. Туда никто просто оставить машину не въезжает
Судьи на делают свою работу,а просто кто спит кто вообще ,забыла для чего она там общаются между собой!! Зачем таких держать?? Мы куда обращаемся?? На рынок?
Несколько корпусов. С первого раза тяжело попасть куда необходимо. Где, что, куда - понимание приходит со временем.
Убитое время. Ничего не меняется. Слушания начинаются с огромным опозданием.
Суд апелляционной и касацилнной инстанции Судов общей юрисдикции города Москвы.
Напротив суда кладбище, прям идеально разместили.
Особо не вникают в суть дела, всё идёт по накатанной
Для простых людей нет парковки
"Единственный суд в г.Москве, где остались курительные комнаты, расположенные каждом этаже
Отлично"
Хорошая столовая, благо по другим вопросам туда не захаживаю
Далеко от метро. К работе суда по вопросов нет.
Неплохое расположение, есть возможность бесплатно припарковаться.
Парковка маловата.
Здание новое, информационные киоски работают, столовка нормальная. По работе судей к политике государства, у них  и так по 50 дел в день.
Бывал в Мосгорсуде. Если поесть, напротив хинкальная. Готовят очень вкусно, не очень дорого.
Красиво на территории 
Истечение срока давности по зд.тут не считают законом.
Раздражает что тебя как вора или убийцу обыскивают, но не только тут, это очень не приятно.
К сожалению, именно это место и его руководство обеспечиваю полную подконтрольность московских судов исполнительной власти и силовикам. И все об этом прекрасно знают.
судьи на стороне бандитов и опг, на обычных граждан им плевать, замыленный взгляд на все, первые инстанции намного обьективнее, отвратительно
Чет я всё никак не пойму. Как можно отслеживать поданные документы через сайт. Даже в суде не знают. Говорят мы с сайтом не работаем.
Заранее надо искать место парковки. Рядом с такими организациями не припарковаться. Неплохое кафе рядом в прямо в супермаркете
Всё поставлено на поток! Правосудия не дождётесь, бездушные, безликие, безграмотные людишки в чёрных мантиях.... вопрос на кой на вообщё такие суды и судьи??!!!
Очень сложно найти нужный зал, плохая логистика, задержки слушаний
Лабиринт. И ни кто ни за что не отвечает. Суд формален.
Судьи этого заведения, вы кому служите? Как можно двух русских писателей Платонова и Ерчака осудить по надуманному поводу. Вести эту тяжбу несколько лет?
"Ужас! Стыд и срам. 
Судьи такие позор страны. 
3 раза была и 3 раза в этом убедилась. Не слушают, смеются над твоими доводами. Затыкают рот. Фу. Противно."
Дозвониться нельзя .узнать тоже.для кого они работают?На наших налогах кормятся, коронованные
Задержки в апелляционном корпусе ужасны.
Посетив это заведение понимаешь, что закон не на твоей стороне.
можно дойти пешком , либо на трамвае. Огромная территория. Мимо не пройдёте
как я могу оценить суд. место вытягивающее всю энергию. Ненавижу суды
Общая организация на уровне...У судей в глазах стоит немой вопрос...А зачем вы сюда припёрлись?
Большая территория. Много корпусов. С парковкой беда.
Самый гуманный,  потому что толку от его решений нет
Я Маргиева. М.Б очень благодарна судье Довженко Марии Александровне ! Есть ещё люди которые вершат правосудие!Спасибо Вам за то что вы увидели не спроведливое решения таганского суда.  Вы спасли всех ребят от неспроведливого  приговора .Желаю Марии Александровне  Кавказского долголетия. Живите долго и счастлива!
Как и все суды в нашем городе. Всё те же некомпетентные судьи, только заседают в более больших залах.!
10 состав всегда с задержкой рассматривает дела
Очень хорошие помещения, парк, фонтан и скамеечки.
Судья Харитонов Д.М. в отсутствии истца-МАДИ, так рьяно обвинял ответчика-женщину средних лет, что возникает вопрос - откуда такая предвзятось? Вера в Российское правосудие рухнула...
"Я там не была, а сайт отвратительный даже по номеру дела ни шиша не найдёшь
"
Я так понимаю больше 1 никто еще не поставил. А вообще для корректной оценки таких мест давно уже пора не просто разрешить писать матом, но и сделать это обязательным условием!!!
Место хорошее и конкурсы интересные.
ПРАВОсудие живет где-то в другом месте, если оно вообще еще живо.
Да здравствует наш суд, самый гуманный суд в мире!
"Иметь дело только предстоит. А до сего момента была только в часовне Св. Николая.Кстати, кто-то её упомянул.
Об этом есть очер, напечатанный на сайте Проза. Ру при Российском союзе писателей и при Международном Союзе Писателей им. Св."
Выражаю огромную благодарность помощнику состава судей из 373 зала! Вежливая и профессиональная. Я уверен что вы тоже станете судьёй! P. S Н. Новгород
Ни чем кроме укрывательства некомпетентности нижестоящих судов, радостно хлопающих в ладоши творческим фальсификациям правоохранителей, здесь не занимаются.
не дают пронести в здание фотоаппарат. хотя у каждого он есть в смартфоне. кек
Очень хоршоие судьи приняли решения в пользу дете.
Очень быстро,без очереди!
Храм кривосудия и с каждым годом эта тенденция усиливается.
Все судьи коррумпированные. Необходимо заменить всех судей
Самый гуманный суд в мире!
Все понравилось
Приходите, очень вежливые работники
Всё соответствует требованиям.
"Надоели занимать все помещения сизо-1 по вкс!
Если у вас одно заседание будьте добры, отключайтесь , а не держите целый день на экране помещения!
Кроме вас существует ещё множество судов!"
Ожидание заседаний - это хуже, чем очередь в СССР за джинсами.
Очередей нет, все вовремя.
Сегодня слушалось в аппеляционном  зале   мое дело.Состав    номер4судьиЗельханова Альфия Исм. И другие приняли сторону  не итца, а ООо,национальная фабрика ипотека,позволи  ихнему юристу  сказать  брядь сколько хочешь жалуйся ,судьи  наши и как  хотим  так и решаем.
суд как суд, хорошая столовая
Суд не гуманный.  Больше и сказать то нечего.
рядом появилась парковка для посетителей суда
удобно расположен
Комплекс огромный, приятный глазу
Чтобы понять логику судебного решения нужно просто обратиться к специалисту, который растолкует вам, что к чему. И вам не придётся возводить напраслину на судей. Затраты невелики, а душа успокоится. Приезжайте с судебным решением в адвокатскую контору  15 на ул. Костякова, д. 65.
Очень хорошая чистая территория
Храм правосудия. Дизайн лучше содержания
Раньше на территории было круто кататься на роликах, сейчас лавочка прикрыта
Хороший персонал
Да здравствует наш суд,самый справедливый суд в мире!
"Строгость
 Чистота и нет суеты"
Занимает очень много свободной зеленой территории из-за чего на соседних улицах давка, пробки! с Просторной на набережную яузы вообще не прорватся - на пути Мосгор суд!!!
МосГорШтамп как был, так и остался! Только теперь с дипломами принимают людей...
Большая территория, не особо удобные подъезды
Лучший из судов субъектов РФ.
Судьи выносят очень часто не правильные решения,
Лично мне нравится, несмотря на общее мнение, что ничего не меняют!!! Меняют, отменяют!!! Еще как!!!
Дело рассмотрено основательно
Суд, который утратил с 01.10.2019г. статус основного суда общей юрисдикции  в  городе Москве
В суде в принципе ничего не может нравиться.
